name,artist_id
Taylor Swift,06HL4z0CvFAxyc27GXpf02
Zach Bryan,40ZNYROS4zLfyyBSs2PGe2
Mitski,2uYWxilOVlUdk4oV9DvwqK
Drake,3TVXtAsR1Inumwj472S9r4
Doja Cat,5cj0lLjcoR7YOSnhnX0Po5
Noah Kahan,2RQXRUsr4IW1f3mKyKsy4B
Bad Bunny,4q3ewBCX7sLwd24euuV69X
Tate McRae,45dkTj5sMRSjrmBSBeiHym
Gunna,2hlmm7s2ICUX0LVIhVFlZQ
Lil Tecca,4Ga1P7PMIsmqEZqhYZQgDo
Morgan Wallen,4oUHIQIBe0LHzYfvXNW4QM
Jung Kook,6HaGTQPmzraVmaVxvz6EUc
Bing Crosby,6ZjFtWeHP9XN7FeKSUe80S
SZA,7tYKF4w9nC0nq9CsPZTHyP
Travis Scott,0Y5tJX1MQlPlqiwlOH1tJY
Olivia Rodrigo,1McMsnEElThX1knmY4oliG
Mariah Carey,4iHNK0tOyZPYnBU7nGAgpQ
Fuerza Regida,0ys2OFYzWYB5hRDLCsBqxt
Tyla,3SozjO3Lat463tQICI9LcE
Peso Pluma,12GqGscKJx3aE4t07u7eVZ
Kenya Grace,7uMDnSZyUYNBPLhPMNuaM2
J. Cole,6l3HvQ5sa6mXTsMTB19rO5
"Tyler, The Creator",4V8LLVI7PbaPR0K2TGSxFF
Frank Ocean,2h93pZq0e7k5yf4dywlkpM
Eslabon Armado,0XeEobZplHxzM9QzFQWLiR
The Neighbourhood,77SW9BnxLY8rJ0RciFqkHh
Calle 24,6dLuQ5qXxIuWc5urxfIiZR
The Beatles,3WrFJ7ztbogyGnTHbHJFl2
KAROL G,790FomKkXshlbRYZFtlgla
The Weeknd,1Xyo4u8uXC1ZmMpatF05PJ
The Kid LAROI,2tIP7SsRs7vjIcLrU85W8J
iñigo quintero,0jbo7KFNMiIkfBR6ih0yhm
Dua Lipa,6M2wZ9GZgrQXHCFfjv46we
Rema,46pWGuE3dSwY3bMMXGBvVS
Billie Eilish,6qqNVTkY8uBg9cP3Jd7DAH
Post Malone,246dkjvS1zLTtiykXe5h60
NewJeans,6HvZYsbFfjnjFrWF950C9d
Troye Sivan,3WGpXCj9YhhfX11TToZcXP
Myke Towers,7iK8PXO48WeuP03g8YR51W
Nicki Minaj,0hCNtLu0JehylgoiP8L4Gh
David Kushner,33NVpKoXjItPwUJTMZIOiY
Miley Cyrus,5YGY8feqx7naU7z4HrwZM6
Harry Styles,6KImCVD70vtIoJWnq6nGn3
cassö,5wCmhq5J2hPwL2r0eKurxn
Kali Uchis,1U1el3k54VvEUzo3ybLPlM
Teddy Swims,33qOK5uJ8AR2xuQQAhHump
Sabrina Carpenter,74KM79TiuVKeVCqs8QtB0B
Metro Boomin,0iEtIxbK0KxaSlF7G42ZOp
Doechii,4E2rKHVDssGJm2SCDOMMJB
Selena Gomez,0C8ZW7ezQVs4URX5aX7Kqx
FIFTY FIFTY,4GJ6xDCF5jaUqD6avOuQT6
Lana Del Rey,00FQb4jTyendYWaN8pK0wa
PinkPantheress,78rUTD7y6Cy67W1RVzYs7t
Peggy Gou,2mLA48B366zkELXYx7hcDN
JENNIE,250b0Wlc5Vk0CoUsaCY84M
Dave,6Ip8FS7vWT1uKkJSweANQK
Maluma,1r4hJ1h58CWwUQe3MxPuau
Ed Sheeran,6eUKZXaKkcviH0Ku9w2n3V
Lewis Capaldi,4GNC7GD6oZMSxPGyXy4MNB
Tones And I,2NjfBq1NflQcKSeiDooVjY
Imagine Dragons,53XhwfbYqKCa1cC15pYq2q
Glass Animals,4yvcSjfu4PC0CYQyLy4wSq
The Chainsmokers,69GGBxA162lTqCwzJG5jLp
Shab,0repuWOrxA3wK6vdP99hoZ
Shawn Mendes,7n2wHs1TKAczGzO7Dd2rGr
James Arthur,4IWBUUAFIplrNtaOHcJPRM
Vincent McDowell,6yowbnmMZBOAmU9ZZbfMlz
Jake James,3aYVrx55ZFEcQ45n0R6GRl
Juice WRLD,4MCBfE4596Uoi2O4DtmEMz
Artemas,0PCCGZ0wGLizHt2KZ7hhA2
Nick Grant,2QOP6zKx1d0gGEtuuXOvJ3
Queen,1dfeR4HaWDbWqFHLkxsg1d
Hozier,2FXC3k01G6Gw61bmprjgqS
Lady Gaga,1HY2Jd0NmPuamShAr6KMms
Nick Phoenix,3EvzCyNmY3kbUkMawjsndF
Justin Bieber,1uNFoZAHBGtllmzznpCI3s
John Legend,5y2Xq6xcjJb2jVM54GHK3t
Vance Joy,10exVja0key0uqUkk6LJRT
The Hourglass Effect,2acqLrAZ1lspWmbpQzdiGE
OneRepublic,5Pwc4xIPtQLFEnJriah9YJ
Ariana Grande,66CXWjxzNUsdJxJ2JdwvnR
XXXTENTACION,15UsOTVnJzReFVN1VCnxy4
Twenty One Pilots,3YQKmKGau1PzlVlkL1iodx
Macklemore & Ryan Lewis,5BcAKTbp20cv7tC5VqPFoC
Avicii,1vCWHaC5f2uS3yhpwWbIA6
LaShaun Love,1fo7NK0K2t82yIvc2cQSPU
Passenger,0gadJ2b9A4SKsB1RFkBb66
Kendrick Lamar,2YZyLoL8N0Wb9xBt1NhZWg
Tom Odell,2txHhyCwHjUEpJjWrEyqyX
Lil Uzi Vert,4O15NlyKLIASxsJ0PrXPfz
Calvin Harris,7CajNmpbOovFoOoasH2HaY
Laci Kay Somers,22CdKDXLh4wqXLZcPuCFYQ
Camila Cabello,4nDoRrQiYLoBzwC5BhVJzF
Marshmello,64KEffDW9EtZ1y2vBYgq8T
DJ Snake,540vIaP2JwjQb9dm3aArA4
Eminem,7dGJo4pcD2V6oG8kP0tJRR
The Ramona Flowers,2wPSVzL9RmbR3g1MjWRjMe
Arctic Monkeys,7Ln80lUS6He07XvHI8qqHH
Coldplay,4gzpq5DPGxSnKTe4SA8HAU
The Killers,0C0XlULifJtAgn6ZNCW2eu
Sam Smith,2wY79sveU1sp5g7SokKOiI
Lil Nas X,7jVv8c5Fj3E9VhNjxT4snq
Halsey,26VFTg2z8YR0cCuwLzESi2
Major Lazer,738wLrAtLtCtFOLvQBXOXp
Maroon 5,04gDigrS5kc9YWfZHwBETP
SAINt JHN,0H39MdGGX6dbnnQPt6NQkZ
Mark Ronson,3hv9jJF3adDNsBSIQDqcjp
Alan Walker,7vk5e3vY1uw9plTHJAMwjN
Darius Martin,3AMNwFfNk718n9qrHF9kT1
Bruno Mars,0du5cEVh5yTK9QJze8zA0C
Mike Posner,2KsP6tYLJlTBvSUxnwlVWa
Will Swinton,1fUcXY3KcnNvCP2dnF7XCh
French Montana,6vXTefBL93Dj5IqAWq6OTv
Oasis,2DaxqgrOhkeH0fpeiQq2f4
Nirvana,6olE6TJLqED3rqDCT0FyPh
LMFAO,3sgFRtyBnxXD5ESfmbK4dl
Adele,4dpARuHxo51G3z768sgnrY
Gotye,2AsusXITU8P25dlRNhcAbG
Katy Perry,6jJ0s89eD6GaHleKKya26X
The Lumineers,16oZKvXb6WkQlVAjwo2Wbg
Taio Cruz,6MF9fzBmfXghAz953czmBC
CeeLo Green,5nLYd9ST4Cnwy6NHaCxbj8
Bebe Rexha,64M6ah0SkkRsnPGtGiRAbb
AWOLNATION,4njdEjTnLfcGImKZu1iSrz
Florida Georgia Line,3b8QkneNDz4JHKKKlLgYZg
Pitbull,0TnOYISbd1XYRBk9myaseg
Carly Rae Jepsen,6sFIWsNpZYqfjUpaCgueju
Cardi B,4kYSro6naA4h99UJvo89HB
Justin Timberlake,31TPClRtHm23RisEBtV3X7
Train,3FUY2gzHeIiaesXtOAdB7A
Fetty Wap,6PXS4YHDkKvl1wkIl4V8DL
Robin Thicke,0ZrpamOxcZybMHGg1AYtHP
Pharrell Williams,2RdwBSPQiwcmiDo9kixcl8
Meghan Trainor,6JL8zeS1NmiOftqZTRgdTz
Lady A,32WkQRZEVKSzVAAYqukAEA
fun.,5nCi3BB41mBaMH9gfr6Su0
The Band Perry,75FnCoo4FBxH5K1Rrx0k5A
Luis Fonsi,4V8Sr092TqfHkfAA5fXXqG
Lorde,163tK9Wjr9P9DmM0AVK7lm
benny blanco,5CiGnKThu5ctn9pBxv7DGa
Wiz Khalifa,137W8MRPWKqSmrBGDBFSop
Sia,5WUlDfRSoLAfcVSX1WnrxN
Silentó,7juKTDFlPesGeWQ1GmjmOv
Ellie Goulding,0X2BH1fck6amBIoJhDVmmJ
Panic! At The Disco,20JZFwl6HVl6yg8a4H3ZqK
Bastille,7EQ0qTo7fWT7DPxmxtSYEc
Rihanna,5pKCCKE2ajJHZ9KAiaK11H
5 Seconds of Summer,5Rl15oVamLq7FbSb0NNBNy
Khalid,6LuN9FCkKOj5PcnpouEgny
WALK THE MOON,6DIS6PRrLS3wbnZsf7vYic
USHER,23zg3TcAtWQy7J6upgbUnj
MAGIC!,0DxeaLnv6SyYk2DOqkLO8c
Enrique Iglesias,7qG3b048QCHVRO5Pv1T5lw
Zedd,2qxJFvFYMEDqd7ui6kSAcq
Jonas Brothers,7gOdHgIoIKoe4i9Tta6qdD
David Guetta,1Cs0zKBU1kc0i8ypK3B9ai
Kesha,6LqNN22kT3074XbTVUrhzX
Destiny's Child,1Y8cdNmUJH7yBTd9yOvr5i
Britney Spears,26dSoYclwsYLMAKD3tpOr4
Flo Rida,0jnsk9HBra6NMjO2oANoPY
Imanbek,5rGrDvrLOV2VV8SCFVGWlj
Bizarrap,716NhGYqD1jl2wI1Qkgq36
Black Eyed Peas,1yxSLGMDHlW21z4YXirZDS
MKTO,2l35CQqtYRh3d8ZIiBep4v
HÄWK,0oPeHAZ3BpdlD8EyeBLady
BETHY,2AMYoSyrndaS01IOijAuhP
Skilteck,0kA7YYrQJET0k0b3VHVZ2c
Lizzo,56oDRnqbIiwx4mymNEv7dS
T.I.,4OBJLual30L7gRl5UkeRcT
Leona Lewis,5lKZWd6HiSCLfnDGrq9RAm
Steinsdotter,35KNaNrpjGSXqMHJf3p67q
Kungs,7keGfmQR4X5w0two1xKZ7d
Hoodie Forester,0nVvtYn9kK3NEegwMtyock
ABBA,0LcJLqbBmaGUft1e9Mm8HV
Kate Bush,1aSxMhuvixZ8h9dK9jIDwL
Micah McLaurin,65myEloviHpLiDJ7sA79DD
Capital Cities,4gwpcMTbLWtBUlOijbVpuu
Vanessa Carlton,5ILrArfIV0tMURcHJN8Q07
Nicola Høie,0shFBysGw18zUHjV934zn3
Avril Lavigne,0p4nmQO2msCgU4IF37Wi3j
Beyoncé,6vWDO969PvNqNYHIOW5v0m
Lisa Dawn Miller,4yqqxloDulWcm7HJRuyJVY
Kelis,0IF46mUS8NXjgHabxk2MCM
Gwen Stefani,4yiQZ8tQPux8cPriYMWUFP
Harleymoon Kemp,7lTrAtvHlfVsJZgXMMR05X
50 Cent,3q7HBObVc0L8jNeTe5Gofh
The Fray,0zOcE3mg9nS6l3yxt1Y0bK
Shakira,0EmeFodog0BfCgMzAIvKQp
Malcolm Lally,2xUKvqyctCbewRgmObUM9n
Cascada,0N0d3kjwdY2h7UVuTdJGfp
Anthony Martinelli,5gXUgIiv5gX9zj5Iot8lDb
Anitta,7FNnA9vBm6EKceENgCGRMb
Kanye West,5K4W6rqBFWDnAN6FQUkS6x
Natasha Bedingfield,7o95ZoZt5ZYn31e9z1Hc0a
P!nk,1KCSPY1glIKqW2TotWuXOR
Jason Mraz,4phGZZrJZRo4ElhRtViYdl
Skyzz,3O0n3Twf8wPqVc5x9FJBYe
The Sleeping,5l3nkPJllQnOEOp5ZP5QyW
Jay Sean,4pADjHPWyrlAF0FA7joK2H
st.James,0WqfvIHk0iWcqlp4UsZyMC
Kelly Clarkson,3BmGtnKgCSGYIUhmivXKWX
The North Country,2ePDWKisYScdi7gDb8WOEO
Jason Derulo,07YZf4WDAMNwqr4jfgOZ8y
B.o.B,5ndkK3dpZLKtBklKjxNQwT
Player1,531qdIZUdxxz8LQ4j63zTP
"Bobby ""Boris"" Pickett",42MRYPhQfcEXqb18dl5ERX
The Citizens of Halloween,164hs3x1Tsp3FgJWNHee1r
Michael Jackson,3fMbdgg4jU18AjLCKBhRSm
Darell,1TtXnWcUs0FCkaZDPGYHdf
Luke Combs,718COspgdWOnwOFpJHRZHS
Jelly Roll,19k8AgwwTSxeaxkOuCQEJs
Lil Durk,3hcs9uc56yIGFCSy9leWe7
Bailey Zimmerman,3win9vGIxFfBRag9S63wwf
Lainey Wilson,6tPHARSq45lQ8BSALCfkFC
Chris Stapleton,4YLtscXsxbVgi031ovDDdh
Offset,4DdkRBBYG6Yk9Ka8tdJ9BW
Jason Aldean,3FfvYsEGaIb52QPXhg4DcH
Paul Russell,4zoRNhOhsGX3w8yBAnFSQ8
Oliver Anthony Music,6IkfE2JyVoKwBZXvuytKX3
Young Nudy,5yPzzu25VzEk8qrGTLIrE1
Rod Wave,45TgXXqMDdF8BkjA83OM7z
Jessie Murph,2yLzlEFtIS0Q9UkyBZdQA7
Sexyy Red,3DbwFQlvLxRSi2uX8mf81A
Victoria Monét,63XBtGSEZINSyXylZxEUbv
*NSYNC,6Ff53KvcvAj5U7Z1vojB5o
HARDY,5QNm7E7RU2m64l6Gliu8Oy
AFROJACK,4D75GcNG95ebPtNvoNVXhz
Chris Brown,7bXgB6jMjp9ATFy66eO08Z
Alien Ant Farm,6TZdvF1kFzwnQLgHQynzsO
Aurora Jayde,3MV8aOR91lzhsfoIMd0g5z
Derek Norsworthy,05eD7r0lrv7tVX32XYnUDs
Awake Past 3,6a9sa1cMkU55p7QGbjSzNu
La Roux,3K2zB87GZv1krx031en5VA
Wavvy Tape,6dMtOcYDs2wDlYuyxjgkRs
Michael Franti & Spearhead,1mHuZMOP8FG5ip4yAb1vrB
Glee Cast,0SCbttzoZTnLFebDYmAWCm
Dylan Matthew,6d0ZjIp5L7Ygy2l02HskRX
Leida Taylor,0aogCZxZS1h1dWzGm6eBsp
Kevin Rudolf,0Chxmm4XMM87mJOHvyiUzL
Jessie J,2gsggkzM5R49q6jpPvazou
Supreme Unbeing,2A5XX9330cn5wnouz8SMAx
Eastern Thrills,7rvhhrFPLui1EZewolgYjE
Cobra Starship,2aYJ5LAta2ScCdfLhKgZOY
Ava Della Pietra,5whBm2Wk9GvITjOclp8nQX
Christina Aguilera,1l7ZsJRRS8wlW3WfJfPfNS
Savage Sons,1YEEbHKA7t5pYoNnjtHSzP
Madonna,6tbjWDEIzxoDsBA1FuhfPW
Jet Fuel & Ginger Ales,1dPgPwYz4zapkdMwTIxq7y
Shania Twain,5e4Dhzv426EvQe3aDb64jL
Daryl Hall & John Oates,77tT1kLj6mCWtFNqiOmP9H
The B-52's,3gdbcIdNypBsYNu3iiCjtN
Bonnie McKee,7dtJROxWQe3fxxF5t7o67N
Orianthi,0yNy8fi1yBBq526E6mx4Zs
The Grunge Growlers,0JpwHe11MFhd77gsR9TNT4
Deborah Cox,601893mmW5hl1FBOykWZHG
Daft Punk,4tZwfgrHOc3mvqYlEYSvVi
JAY-Z,3nFkdlSjzX9mRTtwJOzDYB
Nelly,2gBjLmx6zQnFGQJCAQpRgw
Sean Paul,3Isy6kedDrgPYoTS1dazA9
Rascal Flatts,0a1gHP0HAqALbEyxaD5Ngn
One Direction,4AK6F7OLvEQ5QYCBNiQWHq
Ne-Yo,21E3waRsmPlU7jZsS13rcj
Karmin,4M0DLz8te9Q1lNIXBBwvfG
Estelle,5T0MSzX9RC5NA6gAI6irSn
Ram Jam,6FITmSxIMsk6TfulFiCIIz
Bingo Players,1pbHrVayIcVpHI9z97u4bK
will.i.am,085pc2PYOi8bGKj0PNjekA
Stromae,5j4HeCoUlzhfWtjAfM1acR
Don Omar,33ScadVnbm2X8kkUqOkC6Z
Owl City,07QEuhtrNmmZ0zEcqE9SF6
Two Door Cinema Club,536BYVgOnRky0xjsPT96zl
Travie McCoy,7o9Nl7K1Al6NNAHX6jn6iG
Iyaz,5tKXB9uuebKE34yowVaU3C
Trey Songz,2iojnBLj0qIMiKPvVhLnsH
Alicia Keys,3DiDSECUqqY1AuBP8qtaIa
Neon Trees,0RpddSzUHfncUWNJXKOsjy
Young Money,5OrB6Jhhrl9y2PK0pSV4VP
Far East Movement,698hF4vcwHwPy8ltmXermq
Timbaland,5Y5TRrQiqgUO4S36tzjIRZ
Lil Wayne,55Aa2cqylxrFIXC767Z865
Cali Swag District,1EeArivTpzLNCqubV95255
Aloe Blacc,0id62QV2SZZfvBn9xpmuCl
Shontelle,4M6Z1wubeKtwPqbjJygTOc
Edward Maya,6XwwFnewNgWp81MYMK8zLq
Ludacris,3ipn9JLAPI5GUEo4y4jcoi
John Mayer,0hEurMDQu99nJRq8pTxO14
3OH!3,0FWzNDaEu9jdgcYTbcOa4F
Sean Kingston,6S0dmVVn4udvppDhZIWxCr
INNA,2w9zwq3AktTeYYMuhMjju8
Sugarland,0hYxQe3AK5jBPCr5MumLHD
Yolanda Be Cool,4KkHjCe8ouh8C2P9LPoD4F
DJ Fresh,6r20qOqY7qDWI0PPTxVMlC
Example,6Vh6UDWfu9PUSXSzAaB3CW
Adam Lambert,6prmLEyn4LfHlD9NnXWlf7
Swedish House Mafia,1h6Cn3P4NGzXbaXidqURXs
The Script,3AQRLZ9PuTAozP28Skbq8V
Sara Bareilles,2Sqr0DXoaYABbjBo9HaMkM
Robyn,6UE7nl9mha6s8z0wFQFIZ2
K'NAAN,7pGyQZx9thVa8GxMBeXscB
Take That,1XgFuvRd7r5g0h844A5ZUQ
Waka Flocka Flame,6f4XkbvYlXMH0QgVRzW0sM
Tim Berg,7iLc4hrjOjQPfg1E3cCHg1
The Wanted,2NhdGz9EDv2FeUw6udu2g1
The Saturdays,15qI5w4XJFLRMwOp2VrlD5
DJ Khaled,0QHgL1lAIqAw0HtD7YldmP
Dylan Gossett,4H4M0Y4cN39zIVDHvdW53x
Jordan Davis,77kULmXAQ6vWer7IIHdGzI
Bryan Martin,0ChjBYedhZTQnWZWQYg15U
Sam Barber,08GfvCW09pv2QP4y9sle2a
Tyler Childers,13ZEDW6vyBF12HYcZRr4EV
Carrie Underwood,4xFUf1FHVy696Q1JQZMTRj
Darius Rucker,7FY5V3XMwlNBPitEjXowHQ
Josh Meloy,3EVsC9ZK7QMDuK4FPcZaEq
Wyatt Flores,46lEQmDJLJeyltECJYJv1Y
Zac Brown Band,6yJCxee7QumYr820xdIsjo
Megan Moroney,5Ppie0uPnbnvGBYRwYmlt0
Luke Bryan,0BvkDsjIUla7X0k6CSWh1I
Cody Johnson,6zLBxLdl60ekBLpawtT63I
Dan + Shay,7z5WFjZAIYejWy0NI5lv4T
Lee Brice,5Zq7R5qmi58ByYyBQTlNuk
Chayce Beckham,5ujvZU2thXjZgFKPUt1rDt
Sam Hunt,2kucQ9jQwuD8jWdtR9Ef38
ERNEST,4GGfAshSkqoxpZdoaHm7ky
Thomas Rhett,6x2LnllRG5uGarZMsD4iO8
Besomorph,619CzMJPPWrCeZwx5qw6ko
Meric,44aoeFCBHXcE6v9hM7dBcl
Gloria Kim,1DUd25ybTBglvAohsXTmBx
Arya,7MmewOfNotqLLNt48TelbK
Frizk,2kytM35nXuQfdxPeoLgE0K
3409,7HajgsbfyKJutkRaAOO3Gv
Aliyah's Interlude,7maQENQfaF8xDdEJp4i545
RIELL,0xD6n0wj7aqV5g5LcRNBUd
Cadmium,2jrBiKykLqcIp2S7GLiahy
Dominic Fike,6USv9qhCn6zfxlBQIYJ9qs
Libianca,7kjSuFGKhLm8b5qXoMhRkJ
d4vd,5y8tKLUfMvliMe8IKamR32
RAYE,5KKpBU5eC2tJDzf0wmlRp2
Steve Lacy,57vWImR43h4CaDao012Ofp
BUNT.,2CpLIMBoE2ZzyY3ZBCRZ7j
Eliza Rose,4XC335ouK6pXyq4QiIb8bP
Labrinth,2feDdbD5araYcm6JhFHHw7
Coi Leray,6AMd49uBDJfhf30Ak2QR5s
BRAN,44CMqAkutKvmCaE2OxyCbd
Toosii,6BH1xcDkwbbyrLMUKECsW1
Jaeger,77PxY9mItIkmEo8D2fbfco
Miguel,360IAlyVv4PCEVjgyMZrxK
Lizzy McAlpine,1GmsPCcpKgF9OhlNXjOsbS
Gabriel Matthew,6iXyKLMU80TXYMWa2dQCUB
21 Savage,1URnnhqYAYcrqrcwql10ft
J Balvin,1vyhD5VmyZ7KMfW5gqLgo5
Future,1RyvyyTE3xzB2ZywiAwp0i
Daddy Yankee,4VMYDCV2IEDYJArk749S6m
Elton John,3PhoLpVuITZKcymswpck5b
Feid,2LRoIwlKmHjgvigdNGBHNo
Rauw Alejandro,1mcTU81TzQhprhouKaTkpq
Arijit Singh,4YRxDV8wJFPHPTeXepOstw
Ozuna,1i8SpTcr7yvPOmcqrbnVXY
Jack Harlow,2LIk90788K0zvyj2JJVwkJ
Charlie Puth,6VuMaDnrHyPL1p4EHjYLi7
Tiësto,2o5jDhtHVPhrJdv3cEQ99Z
Pritam,1wRPtKGflJrBx9BmLsSwlU
Quevedo,52iwsT98xCoGgiGntTiR7K
Shreya Ghoshal,0oOet2f43PA68X5RxKobEy
Playboi Carti,699OTQXzgjhIYAHMy9RyPD
Farruko,329e4yvIujISKGKz1BZZbO
Linkin Park,6XyY86QOPPrYVGvF9ch6wz
Swae Lee,1zNqQNIdeOUZHb8zbZRFMX
Anuel AA,2R21vXR83lH98kGeO99Y66
Grupo Frontera,6XkjpgcEsYab502Vr1bBeW
Anne-Marie,1zNqDE7qDGCsyzJwohVaoX
Central Cee,5H4yInM5zmHqpKIoMNAx4r
Fleetwood Mac,08GQAI4eElDnROBrJRGE0X
Paloma Faith,4fwuXg6XQHfdlOdmw36OHa
George Ezra,2ysnwxxNtSgbb9t1m2Ur4j
American Authors,0MlOPi3zIDMVrfA9R04Fe3
Nico & Vinz,0awl5piYwO0CDTHEkCjUhn
Rixton,0kkxsdcaWmWU2yWAqclDh4
Becky G,4obzFoKoKRHIphyHzJ35G3
Mr. Probz,33W1pnW9zScZtYTnAoWnOT
ScHoolboy Q,5IcR3N7QB1j6KBL8eImZ8m
Idina Menzel,73Np75Wv2tju61Eo9Zw4IR
Tove Lo,4NHQUGzhtTLFvgF5SZesLK
Route 94,1dgdvbogmctybPrGEcnYf6
Alex & Sierra,58MLl9nC29IXbE4nEtuoP2
Milky Chance,1hzfo8twXdOegF3xireCYs
Clean Bandit,6MDME20pz9RveH9rEXvrOM
Jeremih,3KV3p5EY4AvKxOlhGHORLg
A Great Big World,5xKp3UyavIBUsGy3DQdXeF
Paramore,74XFHRwlV6OrjEM0A2NCMF
Tinashe,0NIIxcxNHmOoyBx03SfTCD
Echosmith,1PbBg2aYjWLKRk84zJK15x
Bobby Shmurda,34Y0ldeyUv7jBvukWOGASO
Nick Jonas,4Rxn7Im3LGfyRkY2FlHhWi
Cold War Kids,6VDdCwrBM4qQaGxoAyxyJC
Kid Ink,6KZDXtSj0SzGOV705nNeh3
Olly Murs,3whuHq0yGx60atvA2RCVRW
Iggy Azalea,5yG7ZAZafVaAlMTeBybKAL
Lilly Wood and The Prick,50OApTJurDusIo9dGTqSU4
Sheppard,6VxCmtR7S3yz4vnzsJqhSV
Oliver Heldens,5nki7yRhxgM509M5ADlN1p
Natalie La Rose,2qdONMCoDngQk0eV4Avs1i
Kiesza,4zxvC7CRGvggq9EWXOpwAo
Rita Ora,5CCwRZC6euC8Odo6y9X8jr
G.R.L.,3Yl4nkmEa8BSuGWbwhdLDq
O.T. Genasis,1Zatb2YN4erBOoSivOXc0o
ZHU,28j8lBWDdDSHSSt5oPlsX2
Duke Dumont,61lyPtntblHJvA7FMMhi7E
Tame Impala,5INjqkS1o8h1imAzPqGZBb
KALEO,7jdFEYD2LTYjfwxOdlVjmc
Bryson Tiller,2EMAnMvWE2eb56ToJVfCWs
BØRNS,1KP6TWI40m7p3QBTU6u2xo
Fall Out Boy,4UXqAaa6dQYAk18Lv7PEgX
Robin Schulz,3t5xRXzsuZmMDkQzgOX35S
Demi Lovato,6S2OmqARrzebs0tKUEyXyp
Zara Larsson,1Xylc3o4UrD53lo9CvFvVg
R. City,4TH4BHy0LdBi3dpBW4P2UX
X Ambassadors,3NPpFNZtSTHheNBaWC82rB
Kygo,23fqKkggKUBHNkbKtXEls4
Rachel Platten,3QLIkT4rD2FMusaqmkepbq
Rob $tone,2hWs22BmQkK4czFtDLnar2
Big Sean,0c173mlxpT3dSFRgMO8XPh
Galantis,4sTQVOfp9vEMCemLw50sbu
Little Mix,3e7awlrlDSwF3iM0WBjGMp
Jack Ü,1HxJeLhIuegM3KgvPn8sTa
Felix Jaehn,4bL2B6hmLlMWnUEZnorEtG
Fifth Harmony,1l8Fu6IkuTP0U5QetQJ5Xt
Elle King,3bhu7P5PfngueRHiB9hjcx
Rae Sremmurd,7iZtZyCzp3LItcw1wtPI3D
Alessia Cara,2wUjUUtkb5lvLKcGKsKqsR
Deorro,6VD4UEUPvtsemqD3mmTqCR
Pia Mia,1BhWF9W2PngtPSyobKg0rP
Lost Frequencies,7f5Zgnp2spUuuzKplmRkt7
Hailee Steinfeld,5p7f24Rk5HkUZsaS3BLG5F
The Strumbellas,6ujr1NkqbZpYOhquczUUfl
Snakehips,2FwJwEswyIUAljqgjNSHgP
Joel Adams,36jaGQtMj5UWD0eO1fCVdD
James Bay,4EzkuveR9pLvDVFNx6foYD
Meek Mill,20sxb77xiYeusSH8cVdatc
Omarion,0f5nVCcR06GX8Qikz0COtT
Jonas Blue,1HBjj22wzbscIZ9sEb5dyf
OMI,5MouCg6ta7zAxsfMEbc1uh
Petit Biscuit,6gK1Uct5FEdaUWRWpU4Cl2
Christina Perri,7H55rcKCfwqkyDFH9wpKM6
Kodaline,4BxCuXFJrSWGi1KHcVqaU4
Of Monsters and Men,4dwdTW1Lfiq0cM8nBAqIIz
Childish Gambino,73sIBHcqh3Z3NyqHKZ7FOL
A$AP Rocky,13ubrt8QOOCPljQ2FL1Kca
Phillip Phillips,6p5JxpTc7USNnBnLzctyd4
Armin van Buuren,0SfsnGyD8FpIN4U4WCkBZ5
Bridgit Mendler,4VhL8KLjVso4vLfOLVViTb
Icona Pop,1VBflYyxBhnDc9uVib98rw
Disclosure,6nS5roXSAGhTGr34W6n7Et
2 Chainz,17lzZA2AlOHwCwFALHttmp
Mumford & Sons,3gd8FJtBJtkRxdfbTu19U2
Martin Garrix,60d24wfXkVzDSfLS6hyCjZ
Michael Bublé,1GxkXlMwML1oSg5eLPiAz3
Ciara,2NdeV5rLm47xAvogXrYhJX
Sebastian Ingrosso,6hyMWrxGBsOx6sWcVj1DqP
John Newman,34v5MVKeQnIo0CWYMbbrPf
Ylvis,2lEOFtf3cCyzomQcMHJGfZ
The 1975,3mIj9lX2MWuHmhNCA7LSCW
Wale,67nwj3Y5sZQLl72VNUHEYE
Naughty Boy,1bT7m67vi78r2oqvxrP3X5
Snoop Dogg,7hJcb9fa4alzcOq3EaNPoG
PSY,2dd5mrQZvg6SmahdgVKDzh
MARINA,6CwfuxIqcltXDGjfZsMd9A
alt-J,3XHO7cRUPCLOr6jwp8vsx5
Skrillex,5he5w2lnU9x7JFhnwcekXX
Azealia Banks,7gRhy3MIPHQo5CXYfWaw9I
Robbie Williams,2HcwFjNelS49kFbfvMxQYw
Otto Knows,5fahUm8t5c0GIdeTq0ZaG8
Asaf Avidan,7t51dSX8ZkKC7VoKRd0lME
Muse,12Chz98pHFMPJEknJQMWvI
Grimes,053q0ukIDRgzwTr4vNSwab
Jennifer Lopez,2DlGxzQSjYe5N6G9nkYghR
Lupe Fiasco,01QTIT5P1pFP3QnnFSdsJf
Passion Pit,7gjAu1qr5C2grXeQFFOGeh
Gavin DeGraw,5DYAABs8rkY9VhwtENoQCz
The xx,3iOvXCl6edW5Um0fXEBRXy
Michel Teló,1sDVuztNhGcetCLChkleDA
Parker McCollum,0Z8XVUAOBPM4x12wKnFHEQ
Warren Zeiders,7kplJl06UmldxLKseURAYi
Corey Kent,3sUpZrkehiGBaMzs2h9Mmc
Nate Smith,4NYMUsIcUUsBHbV9DICa5x
Hailey Whitters,4e9TBaTlI3LVQz3tkTYC0I
John Morgan,7FetIwKD9uIJFiUwdHfq6g
Dylan Scott,78YqeIji3mgAS2K1Maca6x
Kelsea Ballerini,3RqBeV12Tt7A8xH3zBDDUF
Mitchell Tenpenny,1p6CdzJRoicjRcSdWoB9Qc
Diplo,5fMUXHkw8R8eOP2RNVYEZX
Chase Matthew,7HTLVyjNf0VRxfIgNcfRRH
Colbie Caillat,6aZyMrc4doVtZyKNilOmwu
Owen Riegling,0FDlMMfT3tLEKM0QdEIHYu
Maddie & Tae,34bhyY8jfKez7uKakMfy4y
Dylan Schneider,5lRB3MAJfKzlt7dgYMHWgY
Alana Springsteen,4TPT9nwjRvEV49q7f8p4fy
Kane Brown,3oSJ7TBVCWMDMiYjXNiCKE
Gabby Barrett,6Iz3eq2aQGFf7TbGT2iahL
Brian Kelley,46c50yWMo9wiTgVe1VxBbQ
Ella Langley,6BRxQ8cD3eqnrVj6WKDok8
Luke Grimes,7Cezk2wEDBPfYCwEuKum1Y
Restless Road,5XLWHp9tjK7PWm7SMcvo2q
Abbey Cone,1N53jg6KZxBoFI9oWNchct
Riley Green,2QMsj4XJ7ne2hojxt6v5eb
Tyler Hubbard,3BEV5FcxOtkQJ7lLRKMh3V
Old Dominion,6y8XlgIV8BLlIg1tT1R10i
Charlie Worsham,1nYvElumwIjMkOczb985bq
Carly Pearce,4sIl4BTo9l9KqEi0Y3RE72
TLC,0TImkz4nPqjegtVSMZnMRq
Backstreet Boys,5rSXSAkZ67PYJSvpUpkOr7
Santana,6GI52t8N5F02MxU0g5U69P
Ms. Lauryn Hill,2Mu5NfyYm8n5iTomuKAEHl
Sade,47zz7sob9NUcODy0BTDvKx
Spice Girls,0uq5PttqEjj3IH1bzwcrXF
Dr. Dre,6DPYiyq5kWVQS4RGwxzPC7
311,41Q0HrwWBtuUkJc7C1Rp6K
Will Smith,41qil2VaGbD194gaEcmmyx
The Cranberries,7t0rwkOPGlDPEhaOcVtOt9
Coolio,3y24n3XhZ96wgwRXjvS17T
blink-182,6FBDaR13swtiWwGhX1WQsP
Roxette,2SHhfs4BiDxGQ3oxqf0UHY
Lou Bega,46lnlnlU0dXTDpoAUmH6Qx
The Verve,2cGwlqi3k18jFpUyTrsR84
Natalie Imbruglia,0dlOr0VIysztGWvU1dpjmP
Monica,6nzxy2wXs6tLgzEtqOkEi2
Ricky Martin,7slfeZO9LsJbWgpkIoXBUJ
Red Hot Chili Peppers,0L8ExT028jH3ddEcZwqJJ5
Macy Gray,4ylR3zwA0zaapAu94fktwa
R.E.M.,4KWTAlx2RvbpseOGMEmROg
Lit,5mgr0FFpvy267wKVAYg8qp
Guns N' Roses,3qm84nBOXUEQ2vnTfUTTFC
AC/DC,711MCceyCBcFnzjGY4Q7Un
Ginuwine,7r8RF1tN2A4CiGEplkp1oP
Radiohead,4Z8W4fKeB5YxbusRsdQVPb
Pras,0kJMPTXq7h3ztpDukSx5iD
Shaggy,5EvFsr3kj42KNv97ZEnqij
Rage Against The Machine,2d0hyoQ5ynDBnkvAbJKORj
A Tribe Called Quest,09hVIj6vWgoCDtT03h8ZCa
Céline Dion,4S9EykWXhStSc15wEx8QFK
Smash Mouth,2iEvnFsWxR0Syqu2JNopAd
Korn,3RNrq3jvMZxD9ZyoOZbQOD
Prince,5a2EaR3hamoenG9rDuVn8j
Fugees,2WKdxPFRD7IqZvlIAvhMgY
Savage Garden,3NRFinRTEqUCfaTTZmk8ek
Sixpence None The Richer,0lJlKQvuM2Sd9DPPyUXcHg
Crazy Town,4iSKnRZAxkmqNok6tv10Se
Sublime,0EdvGhlC1FkGItLOWQzG4J
LEN,0nyc9SZGLITSOJASmTZsnZ
Dido,2mpeljBig2IXLXRAFO9AAs
Mazzy Star,37w38cCSGgKLdayTRjna4W
Spin Doctors,2PSiyldxmJze7xiqbz658m
Kris Kross,2zrZfs23sjuHDv4E6YRmNf
Counting Crows,0vEsuISMWAKNctLlUAhSZC
Pearl Jam,1w5Kfo2jwwIPruYS2UWh56
Fiona Apple,3g2kUQ6tHLLbmkV7T4GPtL
Whitney Houston,6XpaIBNiVzIetEPCWDvAFP
Green Day,7oPftvlwr6VrsViSDV7fJY
Cypress Hill,4P0dddbxPil35MNN9G2MEX
Foo Fighters,7jy3rLJdDQY21OgRLCZ9sD
George Michael,19ra5tSw0tWufvUp8GotLo
Warrant,7HLvzuM9p11k9lUQfSM4Rq
Jamiroquai,6J7biCazzYhU3gM9j1wfid
Eve 6,4Eqd24yS5YcxI8b6Xfuwr8
Tal Bachman,3KEb1kbIZN5jumsjFEWgSW
Alice In Chains,64tNsm6TnZe2zpcMVMOoHL
Nas,20qISvAhX20dpIbOOzGK3q
Journey,0rvjqX7ttXeg3mTy8Xscbt
Kenny Loggins,3Y3xIwWyq5wnNHPp5gPjOW
Bonnie Tyler,0SD4eZCN4Kr0wQk56hCdh2
Cyndi Lauper,2BTZIqw0ntH9MvilQ3ewNY
TOTO,0PFtn5NtBbbUNbU9EAmIWF
Barry Manilow,3alW3LYQS8K29z8C8NSLIX
The The,7cKtqv9cYVlOwnuCFH95ce
Bon Jovi,58lV9VcRSjABbAbfWS6skp
Indigo Girls,4wM29TDTr3HI0qFY3KoSFG
Billy Joel,6zFYqv1mOsgBRQbae3JJ9e
The Romantics,3daM7asS0gCFvyLemNx2EE
Survivor,26bcq2nyj5GB7uRr558iQg
a-ha,2jzc5TC5TVFLXQlBNiIUzE
Bryan Adams,3Z02hBLubJxuFJfhacLSDc
Wham!,5lpH0xAS4fVfLkACg9DAuM
"Earth, Wind & Fire",4QQgXkCYTt3BlENzhyNETg
The Outfield,1zxDewzd2j1ZdSBGaYcr0y
Men At Work,0f3EsoviYnRKTkmayI3cux
Dead Or Alive,5WWSL6rElJeUk3Uc1S2RyD
Europe,7Js6Lde8thlIHXggv2SCBz
Bob Marley & The Wailers,2QsynagSdAqZj3U9HgDzjD
Foreigner,6IRouO5mvvfcyxtPDKMYFN
Joan Jett & the Blackhearts,1Fmb52lZ6Jv7FMWXXTPO3K
Ozzy Osbourne,6ZLTlhejhndI4Rh53vYhrY
Tears For Fears,4bthk9UfsYUYdcFyqxmSUU
Eurythmics,0NKDgy9j66h3DLnN8qu1bB
Run–D.M.C.,3CQIn7N5CuRDP8wEI7FiDA
U2,51Blml2LZPmy7TTiAg47vQ
REO Speedwagon,55vs7NT1KxcFjbMC4y202E
Bruce Springsteen,3eqjTLE0HfPfh78zjh6TqT
Rick Astley,0gxyHStUsqpMadRV0Di1Qt
Katrina & The Waves,2TzHIUhVpeeDxyJPpQfnV3
Paul Simon,2CvCyf1gEVhI0mX6aFXmVI
Berlin,2aS6jYh7ysTL1ZUsHneNgM
Dolly Parton,32vWCbZh0xZ4o9gkz4PsEU
Rick Springfield,6IFXsrXBpwbIqtOUOiAa3p
Matthew Wilder,3bmFPbLMiLxtR9tFrTcKcP
Air Supply,4xXCRXOfQKQ2gjWxNhNzYW
Alice Cooper,3EhbVgyfGd7HkpsagwL9GS
Quiet Riot,1dLWg6m8RRhizsdqJbhyj3
Eric Carmen,2ekjTXgjxbWwBX5lTAj4DU
Marvin Gaye,3koiLjNrgRTNbOwViDipeA
Deniece Williams,5jNGQ7VOU87x5402JjhTtd
Eddie Money,4Tw2N3wdvJPGEU7JqMxFfE
The Alan Parsons Project,2m62cc253Xvd9qYQ8d2X3d
The Pointer Sisters,2kreKea2n96dXjcyAU9j5N
Midnight Oil,72KyoXzp0NOQij6OcmZUxk
The Bangles,51l0uqRxGaczYr4271pVIC
Luther Vandross,19y5MFBH7gohEdGwKM7QsP
Philip Bailey,6ZNeppgfBLPUyugks9Yn1u
Judas Priest,2tRsMl4eGxwoNabM08Dm4I
Roy Orbison,0JDkhL4rjiPNEp92jAgJnS
Bruce Hornsby,2iM28IgKg89v1o7BTQAVPo
Living Colour,6Uhp7WA6sjm5ZL6Xz561de
Cheap Trick,1LB8qB5BPb3MHQrfkvifXU
The Police,5NGO30tJxFlKixkPSgXcFE
Mr. Mister,7Bah8E0kCETqEpAHI6CPzQ
Steve Perry,5xQKoGD7Ql92fWd1uWwKkf
Paul Young,6rqU9HQ57NYGBnBzbrY3a4
Billy Ocean,5IDs1CK15HegSAhGEbSYXo
Bill Medley,1XE70WwxhnrXNAJYQQ9ygx
Taylor Dayne,32lVGr0fSRGT6okLKHiP68
Brandy,05oH07COxkXKIMt6mIPRee
Soul For Real,296LotOmbj7eOX7r9l46fK
112,7urq0VfqxEYEEiZUkebXT4
702,2S8UlyXW4JjjHcbeg8ddIo
Big Pun,2Xu7q46Hf02xOoEIm4E1Qs
Faith Evans,5NDMothbpdpq2xHqSjrrWn
Tevin Campbell,5VfqJBmXcf6ZqXoGij5qTE
Monifah,7peqq4aACFkBwIWGG0YRJ9
Christopher Williams,27TmRLInIAVyWyU14KlALf
Hi-Five,0EVUivUkugMtNF09L4QBMH
Jade,7ypgj95aGInvJMJbMv78wB
SWV,2NmK5FyrQ18HOPXq1UBzqa
Tony! Toni! Toné!,7vWlb4pM85jCHvV771qZZW
H-Town,21gGD9dUby5ls0belA1wqZ
Jodeci,1eNkUXHPaXyuyC8NAgzykK
Dru Hill,1255GTUKNCLCTvH9ctD4cT
Montell Jordan,0iVrCROxeyon7MZUW3MfzT
Groove Theory,7opRqRgF9lvnVraBFCMvIj
Bell Biv DeVoe,2zFZiWQJFFshzojycnXoTL
Alana Hil,5A8aDgiZdup7bmLO0JVy8T
Zhané,6cjSmkVvMvyE6tCAo1M9Is
Next,2MGT7CYlixSPxAnnkhLpaA
EyeOnEyez,3nvvdEjnlsAgbINStkVkkr
Bobby Brown,62sPt3fswraiEPnKQpAbdE
Mýa,6lHL3ubAMgSasKjNqKb8HF
Ralph Tresvant,6MLDcHrNh4OqxDZAjMt5pt
Total,1urjDGTd4iBze91Z1W1gu7
Case,5aEWnrN8h3MhuFUPRfaVuy
Guy,2IBPIcSkvQZyoaVfoyZKE8
Adina Howard,266SmBZTt4zRzaKEANWbfQ
ZENG,2XPUDzn2nGbKcT3i90dIUE
Sophia Treadway,6PzulX5BJXNwDxql6gslSA
Mary J. Blige,1XkoF8ryArs86LZvFOkbyr
Tone Stith,756t7CBmWLNYsshVtS6P44
Xscape,5z2cHsOmmmWcAPNG1oEhw0
Color Me Badd,1QtIfAa6y7w2JhxYJhYeUG
D'Angelo,336vr2M3Va0FjyvB55lJEd
Blackstreet,2P3cjUru4H3fhSXXNxE9kA
Aaliyah,0urTpYCsixqZwgNTkPJOJ4
Keith Sweat,2r09Inibex3C4ZNTUVSG3m
Az Yet,4UGMQyNcbGHYg5CDMKkSw3
Shanice,0Ttph0pOZiPNTD3y2wUUb6
Trill Ryan,0Br4l2km0ic7BSsNh1E5h4
Tanya Nolan,1YInSKB7mwCXc6JFL8jc9c
En Vogue,5fikk4h5qbEebqK2Fc6e48
Boyz II Men,6O74knDqdv3XaWtkII7Xjp
Ajantha,536cPhlYZfof1UGTp19uUr
Janet Jackson,4qwGe91Bz9K2T8jXTZ815W
Sentury,5M719s0iFExbYpmLDMudPJ
Joe,3zTOe1BtyTkwNvYZOxXktX
Jesse Powell,4ryyCNxkhfBSXHx4k2lo3T
aytee six,6PzsqI9GcFkDwMLIrZWv0h
Joe Sonza,6JykORVcL2F0ZgM7OxjVSh
Donell Jones,5KNqYrivNgVCHBssEUSu5B
Tamia,0le01dl1WllSHhjEXRl4in
Toni Braxton,3X458ddYA2YcVWuVIGGOYe
YNIQ,5Jfegr2MzGGPfYPLcCAsxv
Jun Yoon,5sDe0X0gLSn43jYACSZBzN
Eagles,0ECwFtbIWEVNwjlrfc6xoL
Rod Stewart,2y8Jo9CKhJvtfeKOsYzRdT
Electric Light Orchestra,7jefIIksOi1EazgRTfW2Pk
Bee Gees,1LZEQNv7sE11VDY3SdxQeN
Retrofile,6bswxXQ3qgvkMQCRu0DKuz
Gerry Rafferty,7tjbDPvrdvDshcpEMXKRVb
Suzi Quatro,15jHZ1EZwmm2QDjKctvqJQ
Stevie Nicks,7crPfGd2k81ekOoSqQKWWz
David Bowie,0oSGxfWSnnOXhD2fKuz2Gy
Talking Heads,2x9SpqnPi8rlE9pjHBwmSC
Seals and Crofts,6jdObwsrIjSRnBbMw6lPBj
Steely Dan,6P7H3ai06vU1sGvdpBwDmE
10cc,6i6WlGzQtXtz7GcC5H5st5
Lindsey Buckingham,3Dzj993UEz8Z5ovxuirzFO
Neil Young,6v8FB84lnmJs434UJf2Mrm
George Harrison,7FIoB5PHdrMZVC3q2HE5MS
Dire Straits,0WwSkZ7LtFUFjGjMZBMt6T
Styx,4salDzkGmfycRqNUbyBphh
Al Stewart,0DW7boyjvbaSP3OJ72sXgC
Player,0fgtHVpOPfXb07S8Jx443z
Jim Croce,1R6Hx1tJ2VOUyodEpC12xM
Pink Floyd,0k17h0D3J5VfsdmQ1iZtE9
Supertramp,3JsMj0DEzyWc0VDlHuy9Bx
Meat Loaf,7dnB1wSxbYa8CejeVg98hz
Stealers Wheel,7bPU7cvfoD20ixGD9Qnqki
Simon & Garfunkel,70cRZdQywnSFp9pnc2WTCE
Peter Gabriel,7C4sUpWGlTy7IANjruj02I
Climax Blues Band,4eeRviM714mXXeILmKHxh2
Sophie May,20je656lhatFVl4EoaNupn
spin,1Ppt4rprTNi78ZG7AExA1f
Julian Taylor,35k2toFgs8gru6GMPChzo6
Lynyrd Skynyrd,4MVyzYMgTwdP7Z49wAZHx0
Mungo Jerry,2mbvqMGpwLsakeH45p1Jrb
Frankie Valli & The Four Seasons,6mcrZQmgzFGRWf7C0SObou
ØZWALD,7pwk3M6iETEiAFLwqkgLrk
Paul McCartney,4STHEaNw4mPZ2tzheohgXB
Linda Ronstadt,1sXbwvCQLGZnaH0Jp2HTVc
Creedence Clearwater Revival,3IYUhFvPQItj6xySrBmZkd
The Rolling Stones,22bE4uQ6baNwSHPVcDxLCe
Van Morrison,44NX2ffIYHr6D4n7RaZF7A
The Temptations,3RwQ26hR2tJtA8F9p2n7jG
The Mamas & The Papas,1bs7HoMkSyQwcobCpE9KpN
Elvis Presley,43ZHCT0cAZBISjO8DG9PnE
Buffalo Springfield,3eskO5m0H4yiF64vRySBjr
Neil Diamond,7mEIug7XUlQHikrFxjTWes
Louis Armstrong,19eLuQmk9aCobbVDHc6eek
Etta James,0iOVhN3tnSvgDbcg25JoJb
Aretha Franklin,7nwUJBm0HE4ZxD3f5cy5ok
The Turtles,2VIoWte1HPDbZ2WqHd2La7
Four Tops,7fIvjotigTGWqjIz6EP1i4
Frankie Valli,3CDKmzJu6uwEGnPLLZffpD
Led Zeppelin,36QJpDe2go2KgaRleHCDTp
The Supremes,57bUPid8xztkieZfS7OlEV
Frank Sinatra,1Mxqyy3pSjf8kZZL4QVxS0
The Monkees,320EPCSEezHt1rtbfwH6Ck
Stevie Wonder,7guDJrEfX3qb6FEbdPA5qi
Tom Jones,1T0wRBO0CK0vK8ouUMqEl5
Nat King Cole,7v4imS0moSyGdXyLgVTIV7
The Doors,22WZ7M8sxp5THdruNY3gXt
Chuck Berry,293zczrfYafIItmnmM3coR
The Kinks,1SQRv42e4PjEYfPhS0Tk9E
Jimi Hendrix,776Uo845nYHJpNaStv1Ds4
The Ronettes,7CyeXFnOrfC1N6z4naIpgo
The Zombies,2jgPkn6LuUazBoBk6vvjh5
The Beach Boys,3oDbviiivRWhXwIE8hxkVV
The Animals,3ICflSq6ZgYAIrm2CTkfVP
Sam & Dave,2BVYdY4PyfCF9z4NrkhEB2
The Band,4vpDg7Y7fU982Ds30zawDA
James Brown & The Famous Flames,32r72WOqqRO1DtSznId7Lr
Jefferson Airplane,2qFr8w5sWUITRlzZ9kZotF
The Archies,33QmoCkSqADuQEtMCysYLh
The Box Tops,3KGQvnOoqUHi3KxKQMZtXr
Johnny Cash,6kACVPfCOnqzgfEF5ryl0x
Cream,74oJ4qxwOZvX6oSsu1DGnw
Ray Charles,1eYhYunlNJlDoQhtYBvPsi
Steppenwolf,1WRM9i067hd2ujxxi8FI3m
Bob Dylan,74ASZWbe4lXaubB36ztrGX
The Lovin' Spoonful,7CCn4PFRRRZF127jtCBAUe
Nina Simone,7G1GBhoKtEPnP86X2PvEYO
The Who,67ea9eGLXYMsO2eYQRui3w
Big Brother & The Holding Company,4J69yWrKwWJgjv3DKTZcGo
Paul Anka,7ceUfdWq2t5nbatS6ollHh
The Drifters,1FqqOl9itIUpXr4jZPIVoT
Bobby Hebb,2uNpV18izVIP7DNusoWbT5
Chubby Checker,7qQJQ3YtcGlqaLg5tcypN2
Lesley Gore,08b2PA6eFyugsWAk41eQKZ
Otis Redding,60df5JBRRPcnSpsIMxxwQm
Dion,15FyiY3ChN0QRspHIQYq0W
Sam Cooke,6hnWRPzGGKiapVX1UCdEAC
Wilson Pickett,0N5PyKJzS3M1XNlaCL7bbE
"Crosby, Stills & Nash",2pdvghEHZJtgSXZ7cvNLou
Stan Getz,0FMucZsEnCxs5pqBjHjIc8
Harry Belafonte,6Tw1ktF4xMmzaLLbe98I2z
Bobby Darin,0EodhzA6yW1bIdD5B4tcmJ
Ritchie Valens,5Y9xEAGW4GwGJgbiI6W85P
Jerry Lee Lewis,2zyz0VJqrDXeFDIyrfVXSo
Buddy Holly,3wYyutjgII8LJVVOLrGI0D
Chet Baker,3rxeQlsv0Sc2nyYaZ5W71T
Dean Martin,49e4v89VmlDcFCMyDv9wQ9
Billie Holiday,1YzCsTRb22dQkh9lghPIrp
Ella Fitzgerald,5V0MlUE1Bft0mbLlND7FJz
Little Richard,4xls23Ye9WR9yy3yYMpAMm
The Flamingos,6iygtKnPG7TRvDaTYcLOd6
Dinah Washington,32LHRiof0sa4taYew9i3Fa
The Platters,6KWcxMWVNVIYbdOQyJtsSy
Bill Haley & His Comets,3MFp4cYuYtTZe3d3xkLLbr
Eddie Cochran,1p0t3JtUTayV2wb1RGN9mO
Peggy Lee,602DnpaSXJB4b9DZrvxbDc
Muddy Waters,4y6J8jwRAwO4dssiSmN91R
The Chords,2iSZ41LUUYVcz5At9Xuz7T
Dion & The Belmonts,2loYllWFfoWpoxC5YrJKc4
Neil Sedaka,5N6GwJzOcOY5kv8p0NjhYL
Barrett Strong,3MKwHkhEjcvzva2rasZeWD
Brenda Lee,4cPHsZM98sKzmV26wlwD2W
Fats Domino,09C0xjtosNAIXP36wTnWxd
Perry Como,5v8jlSmAQfrkTjAlpUfWtu
The Clovers,0ckkj0a9CvIJr4h84B0OlN
The Isley Brothers,53QzNeFpzAaXYnrDBbDrIp
Bobby Day,4SLfKHcufUqU46DiTAHIsj
The Everly Brothers,4ACplpEqD6JIVgKrafauzs
The Penguins,6lOk7hCr8x3O9vHwylXyHR
Doris Day,3ESG6pj6a0LvUKklENalT6
Tennessee Ernie Ford,7u6FSuqT3SWE2kO8rNVjfp
Jackie Wilson,4VnomLtKTm9Ahe1tZfmZju
Louis Prima,52lBOxCxbJg0ttXEW9CQpW
Danny & The Juniors,6Ahm6X9wSKXitavOvu0XzY
Connie Francis,3EY5DxGdy7x4GelivOjS2Q
The Coasters,3QZKZBEmr54lAVI5XvmjnM
The Five Satins,2YP02JRa1JLejrg3XTssJS
Bo Diddley,2bmixwMZXlkl2sbIbOfviq
Carl Perkins,5hIClg6noTaCzMu2s5wp4f
Mickey Baker,2PnyEnxPA8H95IhFEBu5u7
Johnny Mathis,21LGsW7bziR4Ledx7WZ1Wf
Frankie Lymon,2KMQz6s6MNRr4bxI8EQdRk
Bobby Vinton,6bOYtKnpLPQSfMpS2ilotK
The Big Bopper,2gNK2HAaLVz5DZoD2moDQj
Gloria Gaynor,6V6WCgi7waF55bJmylC4H5
Aerosmith,7Ey4PD4MYsKc5I2dolUwbH
Yusuf / Cat Stevens,08F3Y3SctIlsOEmKd6dnH8
Chicago,3iDD7bnsjL9J4fO298r0L0
The Doobie Brothers,39T6qqI0jDtSWWioX8eGJz
Dimension Latina,2ixSzFmACsZSsx40fXTNYk
KISS,07XSN3sPlIlB2L2XNcTwJw
Blue Öyster Cult,00tVTdpEhQQw1bqdu8RCx2
The Cure,7bu3H8JO7d0UbMoVzbo70s
The Hollies,6waa8mKu91GjzD4NlONlNJ
The Cars,6DCIj8jNaNpBz8e5oKFPtp
America,35U9lQaRWSQISxQAB94Meo
Natalie Cole,5tTsrGPwQRWUsHR2Xf7Ke9
Looking Glass,5jJN1nmKXzRjodMl1THQeI
Deep Purple,568ZhdwyaiCyOGJRtNYhWf
Gladys Knight & The Pips,0TF2NxkJZPQoX1H53rEFM1
Carole King,319yZVtYM9MBGqmSQnMyY6
Bobby Caldwell,4V4Z3qMCwYofWHtip6ePF6
John Travolta,4hKkEHkaqCsyxNxXEsszVH
The Jacksons,2yrbLiuBmc9j81lTX3XUuI
The Trammps,1zgNpeHQe8GulzfVkYP2VK
Sister Sledge,6gkWznnJkdkwRPVcmnrays
John Paul Young,2wMcQIxzH2LYHJZNxo9FcN
Barry White,3rfgbfpPSfXY40lzRK7Syt
The Emotions,64CuUOOirKmdAYLQSfaOyr
KC & The Sunshine Band,3mQBpAOMWYqAZyxtyeo4Lo
The Jackson 5,2iE18Oxc8YSumAU232n4rW
Donna Summer,2eogQKWWoohI3BSnoG7E2U
CHIC,0Xf8oDAJYd2D0k3NLI19OV
Wild Cherry,4apX9tIeHb85yPyy4F6FJG
Village People,0dCKce6tJJdHvlWnDMwzPW
King Harvest,5FHwr1FymaS5kutIEK6e2y
Thin Lizzy,6biWAmrHyiMkX49LkycGqQ
John Denver,7EK1bQADBoqbYXnT4Cqv9w
Edison Lighthouse,1NRzxuPpdGushT8YmF5NAa
Boney M.,54R6Y0I7jGUCveDTtI21nb
Hot Chocolate,72VzFto8DYvKHocaHYNWSi
Patrick Hernandez,1CcEgi464SWZsKY5579u7z
Free,2e53aHBQdCMKWqHDuyJsjC
Steve Miller Band,6QtGlUje9TIkLrgPZrESuk
The O'Jays,38h03gA85YYPeDPd9ER9rT
Candi Staton,3S34Unhn5yRcaH5K9aU5Et
War,3ICyfoySNDZqtBVmaBT84I
Grand Funk Railroad,0qEcf3SFlpRcb3lK3f2GZI
The Spinners,5fbhwqYYh4YwUoEs582mq5
The Bellamy Brothers,5iB5AWIa7qreioi0AF3Bxa
Sly & The Family Stone,5m8H6zSadhu1j9Yi04VLqD
Chris Norman,2Pawr6MMX9VBIQ9oUHg7jc
Cheryl Lynn,6UfoTQXaV3DuqtDVjZIxwZ
Curtis Mayfield,2AV6XDIs32ofIJhkkDevjm
Don McLean,1gRNBaI4yn6wCCTvRhGWh8
Jackson Browne,5lkiCO9UQ8B23dZ1o0UV4m
Hues Corporation,6PpGPIrFf3LM7Q77eR4Bts
The Buggles,057gc1fxmJ2vkctjQJ7Tal
Blondie,4tpUmLEVLCGFr93o8hFFIB
Carpenters,1eEfMU2AhEo7XnKgL7c304
Kool & The Gang,3VNITwohbvU5Wuy5PC6dsI
Edwin Starr,1B8AXU6gIIafpyLEpbcv1u
Lynn Anderson,502FY8XQYRxClWgolQ3Hf2
T. Rex,3dBVyJ7JuOMt4GE9607Qin
Raspberries,7Kkx4dACo6kFSeT9wjfVA5
Steve Harley,3dS8rLINyM7EYuMXryXJym
Gary Glitter,61zv3hX7l838ZyhaDyAx8S
Eruption,3R6f1aBWwde7ZqGv7hf4dY
Sylvester,5TGTpu4g8siFOIctZuQO7y
Three Dog Night,4FAEZeJcsYYBkNq2D3KGTV
Barbra Streisand,7jmTilWYlKOuavFfmQAcu6
John Lennon,4x1nvY2FN8jxqAFA0DA02H
Commodores,6twIAGnYuIT1pncMAsXnEm
Eric Clapton,6PAt558ZEZl0DmdXlnjMgD
Roberta Flack,0W498bDDNlJIrYMKXdpLHA
Olivia Newton-John,4BoRxUdrcgbbq1rxJvvhg9
Bread,70ZTdbPEcEugBNay4MvxfL
Joe Cocker,3pFCERyEiP5xeN2EsPXhjI
Harry Nilsson,3RTzAwFprBqiskp550eSJX
Billy Paul,187xgSpsFH8mMbAcoCW0zE
James Taylor,0vn7UBvSQECKJm2817Yf1P
Gordon Lightfoot,23rleGXVOVVgTk3xgtmfE4
Anne Murray,7d7q5Y1p2QWS4QRAhTQR5E
Crystal Gayle,6OheJTrDFGiyZ67F1BBLhc
Randy VanWarmer,6IRQiyNmNGjGlrmEl0iArm
