artist_id,name,genres,popularity,followers
06HL4z0CvFAxyc27GXpf02,Taylor Swift,pop,100,91680193
40ZNYROS4zLfyyBSs2PGe2,Zach Bryan,"classic oklahoma country,modern country pop",86,2509443
2uYWxilOVlUdk4oV9DvwqK,Mitski,"brooklyn indie,pov: indie",81,5611748
3TVXtAsR1Inumwj472S9r4,Drake,"canadian hip hop,canadian pop,hip hop,pop rap,rap",95,81558952
5cj0lLjcoR7YOSnhnX0Po5,Doja Cat,"dance pop,pop",87,27133047
2RQXRUsr4IW1f3mKyKsy4B,Noah Kahan,pov: indie,81,1495469
4q3ewBCX7sLwd24euuV69X,Bad Bunny,"reggaeton,trap latino,urbano latino",96,76282527
45dkTj5sMRSjrmBSBeiHym,Tate McRae,"alt z,pop",81,3969817
2hlmm7s2ICUX0LVIhVFlZQ,Gunna,"atl hip hop,melodic rap,rap,trap",82,6170842
4Ga1P7PMIsmqEZqhYZQgDo,Lil Tecca,"melodic rap,pluggnb,rap",78,6510287
4oUHIQIBe0LHzYfvXNW4QM,Morgan Wallen,contemporary country,85,7553681
6HaGTQPmzraVmaVxvz6EUc,Jung Kook,k-pop,88,10984101
6ZjFtWeHP9XN7FeKSUe80S,Bing Crosby,"adult standards,easy listening,lounge",63,468822
7tYKF4w9nC0nq9CsPZTHyP,SZA,"pop,r&b,rap",87,15583735
0Y5tJX1MQlPlqiwlOH1tJY,Travis Scott,"hip hop,rap,slap house",90,24970183
1McMsnEElThX1knmY4oliG,Olivia Rodrigo,pop,87,29660644
4iHNK0tOyZPYnBU7nGAgpQ,Mariah Carey,"dance pop,pop,urban contemporary",76,9401798
0ys2OFYzWYB5hRDLCsBqxt,Fuerza Regida,"corrido,corridos tumbados,sad sierreno,sierreno",85,5593863
3SozjO3Lat463tQICI9LcE,Tyla,,73,235882
12GqGscKJx3aE4t07u7eVZ,Peso Pluma,"corridos tumbados,sad sierreno",90,8793016
7uMDnSZyUYNBPLhPMNuaM2,Kenya Grace,singer-songwriter pop,76,340859
6l3HvQ5sa6mXTsMTB19rO5,J. Cole,"conscious hip hop,hip hop,north carolina hip hop,rap",84,21828311
4V8LLVI7PbaPR0K2TGSxFF,"Tyler, The Creator","hip hop,rap",82,13034703
2h93pZq0e7k5yf4dywlkpM,Frank Ocean,"lgbtq+ hip hop,neo soul",81,12104196
0XeEobZplHxzM9QzFQWLiR,Eslabon Armado,"corrido,corridos tumbados,sad sierreno,sierreno",77,4919615
77SW9BnxLY8rJ0RciFqkHh,The Neighbourhood,"modern alternative rock,modern rock,pop,pov: indie",81,14181301
6dLuQ5qXxIuWc5urxfIiZR,Calle 24,"corrido,corridos tumbados,sad sierreno,sierreno",74,555712
3WrFJ7ztbogyGnTHbHJFl2,The Beatles,"beatlesque,british invasion,classic rock,merseybeat,psychedelic rock,rock",82,26469550
790FomKkXshlbRYZFtlgla,KAROL G,"reggaeton,reggaeton colombiano,trap latino,urbano latino",88,41292427
1Xyo4u8uXC1ZmMpatF05PJ,The Weeknd,"canadian contemporary r&b,canadian pop,pop",92,74083387
2tIP7SsRs7vjIcLrU85W8J,The Kid LAROI,australian hip hop,79,4855231
0jbo7KFNMiIkfBR6ih0yhm,iñigo quintero,,77,198284
6M2wZ9GZgrQXHCFfjv46we,Dua Lipa,"dance pop,pop,uk pop",84,41984956
46pWGuE3dSwY3bMMXGBvVS,Rema,"afrobeats,nigerian pop",76,3434042
6qqNVTkY8uBg9cP3Jd7DAH,Billie Eilish,"art pop,pop",86,88444109
246dkjvS1zLTtiykXe5h60,Post Malone,"dfw rap,melodic rap,pop,rap",86,42584261
6HvZYsbFfjnjFrWF950C9d,NewJeans,"k-pop,k-pop girl group",80,5984982
3WGpXCj9YhhfX11TToZcXP,Troye Sivan,"australian pop,pop,viral pop",78,7997821
7iK8PXO48WeuP03g8YR51W,Myke Towers,"reggaeton,trap latino,urbano latino",84,13115549
0hCNtLu0JehylgoiP8L4Gh,Nicki Minaj,"hip pop,pop,queens hip hop,rap",84,29939555
33NVpKoXjItPwUJTMZIOiY,David Kushner,gen z singer-songwriter,75,1464718
5YGY8feqx7naU7z4HrwZM6,Miley Cyrus,pop,82,22544003
6KImCVD70vtIoJWnq6nGn3,Harry Styles,pop,83,30036903
5wCmhq5J2hPwL2r0eKurxn,cassö,,72,17892
1U1el3k54VvEUzo3ybLPlM,Kali Uchis,colombian pop,81,5580275
33qOK5uJ8AR2xuQQAhHump,Teddy Swims,,70,953660
74KM79TiuVKeVCqs8QtB0B,Sabrina Carpenter,pop,76,6303062
0iEtIxbK0KxaSlF7G42ZOp,Metro Boomin,rap,85,5986589
4E2rKHVDssGJm2SCDOMMJB,Doechii,alternative r&b,69,364066
0C8ZW7ezQVs4URX5aX7Kqx,Selena Gomez,"pop,post-teen pop",81,46296841
4GJ6xDCF5jaUqD6avOuQT6,FIFTY FIFTY,k-pop girl group,70,1347127
00FQb4jTyendYWaN8pK0wa,Lana Del Rey,"art pop,pop",88,29420971
78rUTD7y6Cy67W1RVzYs7t,PinkPantheress,bedroom pop,74,2544463
2mLA48B366zkELXYx7hcDN,Peggy Gou,"electra,float house",70,800137
250b0Wlc5Vk0CoUsaCY84M,JENNIE,k-pop,74,4464629
6Ip8FS7vWT1uKkJSweANQK,Dave,uk hip hop,78,3905247
1r4hJ1h58CWwUQe3MxPuau,Maluma,"latin pop,reggaeton,reggaeton colombiano,trap latino,urbano latino",83,34463467
6eUKZXaKkcviH0Ku9w2n3V,Ed Sheeran,"pop,singer-songwriter pop,uk pop",86,115179688
4GNC7GD6oZMSxPGyXy4MNB,Lewis Capaldi,"pop,uk pop",78,11879762
2NjfBq1NflQcKSeiDooVjY,Tones And I,australian pop,67,3014069
53XhwfbYqKCa1cC15pYq2q,Imagine Dragons,"modern rock,pop,rock",84,50900797
4yvcSjfu4PC0CYQyLy4wSq,Glass Animals,"gauze pop,indietronica,modern rock,pov: indie,shiver pop",72,3929492
69GGBxA162lTqCwzJG5jLp,The Chainsmokers,pop,77,20411652
0repuWOrxA3wK6vdP99hoZ,Shab,,40,7697
7n2wHs1TKAczGzO7Dd2rGr,Shawn Mendes,"canadian pop,pop,viral pop",80,42652180
4IWBUUAFIplrNtaOHcJPRM,James Arthur,"pop,talent show,uk pop",79,14211285
6yowbnmMZBOAmU9ZZbfMlz,Vincent McDowell,,19,210
3aYVrx55ZFEcQ45n0R6GRl,Jake James,,25,820
4MCBfE4596Uoi2O4DtmEMz,Juice WRLD,"chicago rap,melodic rap,rap",84,31241582
0PCCGZ0wGLizHt2KZ7hhA2,Artemas,,58,57664
2QOP6zKx1d0gGEtuuXOvJ3,Nick Grant,atl hip hop,40,42906
1dfeR4HaWDbWqFHLkxsg1d,Queen,"classic rock,glam rock,rock",81,48735066
2FXC3k01G6Gw61bmprjgqS,Hozier,"irish singer-songwriter,modern rock,pov: indie",79,6077049
1HY2Jd0NmPuamShAr6KMms,Lady Gaga,"art pop,dance pop,pop",82,28374909
3EvzCyNmY3kbUkMawjsndF,Nick Phoenix,epicore,46,21238
1uNFoZAHBGtllmzznpCI3s,Justin Bieber,"canadian pop,pop",86,74487050
5y2Xq6xcjJb2jVM54GHK3t,John Legend,"neo soul,pop,pop soul,urban contemporary",73,6599817
10exVja0key0uqUkk6LJRT,Vance Joy,"folk-pop,modern rock",72,2926726
2acqLrAZ1lspWmbpQzdiGE,The Hourglass Effect,,35,469
5Pwc4xIPtQLFEnJriah9YJ,OneRepublic,"piano rock,pop",80,16416508
66CXWjxzNUsdJxJ2JdwvnR,Ariana Grande,pop,85,94628701
15UsOTVnJzReFVN1VCnxy4,XXXTENTACION,"emo rap,miami hip hop",82,43440127
3YQKmKGau1PzlVlkL1iodx,Twenty One Pilots,"modern rock,pop,pov: indie,rock",77,24069187
5BcAKTbp20cv7tC5VqPFoC,Macklemore & Ryan Lewis,"pop rap,seattle hip hop",71,2619070
1vCWHaC5f2uS3yhpwWbIA6,Avicii,"dance pop,edm,pop,pop dance",78,23160905
1fo7NK0K2t82yIvc2cQSPU,LaShaun Love,,24,951
0gadJ2b9A4SKsB1RFkBb66,Passenger,"folk-pop,neo mellow",68,3247390
2YZyLoL8N0Wb9xBt1NhZWg,Kendrick Lamar,"conscious hip hop,hip hop,rap,west coast rap",86,25846557
2txHhyCwHjUEpJjWrEyqyX,Tom Odell,chill pop,74,3538935
4O15NlyKLIASxsJ0PrXPfz,Lil Uzi Vert,"hip hop,melodic rap,philly rap,rage rap,rap",83,16139140
7CajNmpbOovFoOoasH2HaY,Calvin Harris,"dance pop,edm,electro house,house,pop,pop dance,progressive house,uk dance",82,23418856
22CdKDXLh4wqXLZcPuCFYQ,Laci Kay Somers,,25,6518
4nDoRrQiYLoBzwC5BhVJzF,Camila Cabello,"dance pop,pop",77,31932045
64KEffDW9EtZ1y2vBYgq8T,Marshmello,"brostep,edm,pop,progressive electro house",81,35061220
540vIaP2JwjQb9dm3aArA4,DJ Snake,"dance pop,edm,electronic trap,pop,pop dance",75,8724194
7dGJo4pcD2V6oG8kP0tJRR,Eminem,"detroit hip hop,hip hop,rap",87,78107939
2wPSVzL9RmbR3g1MjWRjMe,The Ramona Flowers,,26,7167
7Ln80lUS6He07XvHI8qqHH,Arctic Monkeys,"garage rock,modern rock,permanent wave,rock,sheffield indie",84,22203511
4gzpq5DPGxSnKTe4SA8HAU,Coldplay,"permanent wave,pop",85,47902195
0C0XlULifJtAgn6ZNCW2eu,The Killers,"alternative rock,dance rock,modern rock,permanent wave,rock",74,7144671
2wY79sveU1sp5g7SokKOiI,Sam Smith,"pop,uk pop",82,23294784
7jVv8c5Fj3E9VhNjxT4snq,Lil Nas X,lgbtq+ hip hop,74,12478865
26VFTg2z8YR0cCuwLzESi2,Halsey,"electropop,etherpop,indie poptimism,pop",78,21109920
738wLrAtLtCtFOLvQBXOXp,Major Lazer,"dance pop,edm,electro house,moombahton,pop,pop dance",73,6323103
04gDigrS5kc9YWfZHwBETP,Maroon 5,pop,82,41587438
0H39MdGGX6dbnnQPt6NQkZ,SAINt JHN,"melodic rap,slap house",65,1008937
3hv9jJF3adDNsBSIQDqcjp,Mark Ronson,pop soul,71,1045458
7vk5e3vY1uw9plTHJAMwjN,Alan Walker,electro house,78,39501011
3AMNwFfNk718n9qrHF9kT1,Darius Martin,,43,13521
0du5cEVh5yTK9QJze8zA0C,Bruno Mars,"dance pop,pop",86,51980663
2KsP6tYLJlTBvSUxnwlVWa,Mike Posner,"dance pop,pop,pop dance,pop rap",66,1371906
1fUcXY3KcnNvCP2dnF7XCh,Will Swinton,,39,2590
6vXTefBL93Dj5IqAWq6OTv,French Montana,"hip hop,pop rap,rap,southern hip hop,trap",71,5225201
2DaxqgrOhkeH0fpeiQq2f4,Oasis,"beatlesque,britpop,madchester,permanent wave,rock",74,9327562
6olE6TJLqED3rqDCT0FyPh,Nirvana,"grunge,permanent wave,rock",78,18447864
3sgFRtyBnxXD5ESfmbK4dl,LMFAO,"dance pop,pop,pop rap",63,4238566
4dpARuHxo51G3z768sgnrY,Adele,"british soul,pop,pop soul,uk pop",83,52346494
2AsusXITU8P25dlRNhcAbG,Gotye,australian pop,64,2320076
6jJ0s89eD6GaHleKKya26X,Katy Perry,pop,81,30187791
16oZKvXb6WkQlVAjwo2Wbg,The Lumineers,"folk-pop,modern rock,stomp and holler",76,5263815
6MF9fzBmfXghAz953czmBC,Taio Cruz,"dance pop,pop,pop rap",66,2256571
5nLYd9ST4Cnwy6NHaCxbj8,CeeLo Green,atl hip hop,63,591948
64M6ah0SkkRsnPGtGiRAbb,Bebe Rexha,"dance pop,pop",77,8627499
4njdEjTnLfcGImKZu1iSrz,AWOLNATION,"la indie,modern alternative rock,modern rock,rock,stomp pop",58,2138228
3b8QkneNDz4JHKKKlLgYZg,Florida Georgia Line,"contemporary country,country,country pop,country road,modern country rock",71,5416760
0TnOYISbd1XYRBk9myaseg,Pitbull,"dance pop,miami hip hop,pop",79,10254056
6sFIWsNpZYqfjUpaCgueju,Carly Rae Jepsen,"canadian pop,dance pop,pop",69,5166743
4kYSro6naA4h99UJvo89HB,Cardi B,"pop,rap",77,22524892
31TPClRtHm23RisEBtV3X7,Justin Timberlake,"dance pop,pop",78,13412794
3FUY2gzHeIiaesXtOAdB7A,Train,"dance pop,neo mellow,pop,pop rock",70,4324334
6PXS4YHDkKvl1wkIl4V8DL,Fetty Wap,"new jersey rap,pop rap,rap,southern hip hop,trap",67,4557694
0ZrpamOxcZybMHGg1AYtHP,Robin Thicke,"dance pop,neo soul,pop rap,r&b,urban contemporary",60,1949755
2RdwBSPQiwcmiDo9kixcl8,Pharrell Williams,"dance pop,pop",76,4296091
6JL8zeS1NmiOftqZTRgdTz,Meghan Trainor,"hip pop,pop",74,14153086
32WkQRZEVKSzVAAYqukAEA,Lady A,"contemporary country,country,country dawn,country pop,country road",64,3800767
5nCi3BB41mBaMH9gfr6Su0,fun.,"baroque pop,metropopolis",64,3416624
75FnCoo4FBxH5K1Rrx0k5A,The Band Perry,"contemporary country,country,country dawn,country road",53,1609154
4V8Sr092TqfHkfAA5fXXqG,Luis Fonsi,"latin pop,puerto rican pop",71,11125885
163tK9Wjr9P9DmM0AVK7lm,Lorde,"art pop,metropopolis,nz pop,pop",73,9985848
5CiGnKThu5ctn9pBxv7DGa,benny blanco,pop,68,1078279
137W8MRPWKqSmrBGDBFSop,Wiz Khalifa,"hip hop,pittsburgh rap,pop rap,rap,southern hip hop,trap",78,11168043
5WUlDfRSoLAfcVSX1WnrxN,Sia,"australian dance,australian pop,pop",81,27153804
7juKTDFlPesGeWQ1GmjmOv,Silentó,"chicago bop,pinoy hip hop",46,226000
0X2BH1fck6amBIoJhDVmmJ,Ellie Goulding,"indietronica,metropopolis,pop,uk pop",76,12343987
20JZFwl6HVl6yg8a4H3ZqK,Panic! At The Disco,"modern rock,pop",74,12024687
7EQ0qTo7fWT7DPxmxtSYEc,Bastille,"metropopolis,modern rock,pop",71,5477782
5pKCCKE2ajJHZ9KAiaK11H,Rihanna,"barbadian pop,pop,urban contemporary",87,58339220
5Rl15oVamLq7FbSb0NNBNy,5 Seconds of Summer,"boy band,pop",74,9731973
6LuN9FCkKOj5PcnpouEgny,Khalid,"pop,pop r&b",81,16180791
6DIS6PRrLS3wbnZsf7vYic,WALK THE MOON,"dance rock,modern alternative rock,modern rock,neo mellow,pop rock",65,2112503
23zg3TcAtWQy7J6upgbUnj,USHER,"atl hip hop,contemporary r&b,dance pop,pop,r&b,rap,south carolina hip hop,urban contemporary",77,10794317
0DxeaLnv6SyYk2DOqkLO8c,MAGIC!,"pop,reggae fusion",63,1321805
7qG3b048QCHVRO5Pv1T5lw,Enrique Iglesias,"dance pop,latin pop,mexican pop",75,11247695
2qxJFvFYMEDqd7ui6kSAcq,Zedd,"complextro,edm,german techno,pop,pop dance",71,5980542
7gOdHgIoIKoe4i9Tta6qdD,Jonas Brothers,"boy band,pop",74,7284255
1Cs0zKBU1kc0i8ypK3B9ai,David Guetta,"big room,dance pop,edm,pop,pop dance",84,26400889
6LqNN22kT3074XbTVUrhzX,Kesha,"dance pop,pop",73,7670023
1Y8cdNmUJH7yBTd9yOvr5i,Destiny's Child,"dance pop,girl group,pop,r&b,urban contemporary",68,6779765
26dSoYclwsYLMAKD3tpOr4,Britney Spears,"dance pop,pop",78,13146653
0jnsk9HBra6NMjO2oANoPY,Flo Rida,"dance pop,miami hip hop,pop,pop rap",75,8836713
5rGrDvrLOV2VV8SCFVGWlj,Imanbek,"electro house,pop dance,slap house",69,199425
716NhGYqD1jl2wI1Qkgq36,Bizarrap,"argentine hip hop,pop venezolano,trap argentino,trap latino,urbano latino",83,13136067
1yxSLGMDHlW21z4YXirZDS,Black Eyed Peas,"dance pop,pop,pop rap",77,7783449
2l35CQqtYRh3d8ZIiBep4v,MKTO,"pop,post-teen pop",62,1049943
0oPeHAZ3BpdlD8EyeBLady,HÄWK,"stutter house,tech house",48,49874
2AMYoSyrndaS01IOijAuhP,BETHY,,21,561
0kA7YYrQJET0k0b3VHVZ2c,Skilteck,,21,1939
56oDRnqbIiwx4mymNEv7dS,Lizzo,"escape room,minnesota hip hop,pop,trap queen",70,5664900
4OBJLual30L7gRl5UkeRcT,T.I.,"atl hip hop,dirty south rap,gangster rap,hip hop,pop rap,rap,southern hip hop,trap",71,4690235
5lKZWd6HiSCLfnDGrq9RAm,Leona Lewis,"british soul,dance pop,pop,talent show",62,3555521
35KNaNrpjGSXqMHJf3p67q,Steinsdotter,,21,918
7keGfmQR4X5w0two1xKZ7d,Kungs,"edm,pop dance,uk dance",68,930853
0nVvtYn9kK3NEegwMtyock,Hoodie Forester,,26,438
0LcJLqbBmaGUft1e9Mm8HV,ABBA,"europop,swedish pop",76,11160449
1aSxMhuvixZ8h9dK9jIDwL,Kate Bush,"art pop,art rock,baroque pop,new wave pop,permanent wave,piano rock,singer-songwriter",66,1763118
65myEloviHpLiDJ7sA79DD,Micah McLaurin,,34,1823
4gwpcMTbLWtBUlOijbVpuu,Capital Cities,"metropopolis,modern rock",63,875180
5ILrArfIV0tMURcHJN8Q07,Vanessa Carlton,"lilith,neo mellow,piano rock,pop rock,post-teen pop",60,607641
0shFBysGw18zUHjV934zn3,Nicola Høie,,20,368
0p4nmQO2msCgU4IF37Wi3j,Avril Lavigne,"canadian pop,candy pop,dance pop,pop",72,10422388
6vWDO969PvNqNYHIOW5v0m,Beyoncé,"pop,r&b",82,36230806
4yqqxloDulWcm7HJRuyJVY,Lisa Dawn Miller,,25,543
0IF46mUS8NXjgHabxk2MCM,Kelis,"dance pop,hip pop,neo soul,urban contemporary",61,590023
4yiQZ8tQPux8cPriYMWUFP,Gwen Stefani,"dance pop,pop",70,6294805
7lTrAtvHlfVsJZgXMMR05X,Harleymoon Kemp,,12,1746
3q7HBObVc0L8jNeTe5Gofh,50 Cent,"east coast hip hop,gangster rap,hip hop,pop rap,queens hip hop,rap",80,12821437
0zOcE3mg9nS6l3yxt1Y0bK,The Fray,"neo mellow,piano rock,pop,pop rock",66,4005753
0EmeFodog0BfCgMzAIvKQp,Shakira,"colombian pop,dance pop,latin pop,pop",84,31883404
2xUKvqyctCbewRgmObUM9n,Malcolm Lally,galway indie,8,744
0N0d3kjwdY2h7UVuTdJGfp,Cascada,"eurodance,europop,german techno,melbourne bounce international",62,499258
5gXUgIiv5gX9zj5Iot8lDb,Anthony Martinelli,,9,162
7FNnA9vBm6EKceENgCGRMb,Anitta,"funk pop,funk rj,pagode baiano,pop,pop nacional",75,12979087
5K4W6rqBFWDnAN6FQUkS6x,Kanye West,"chicago rap,hip hop,rap",88,21866547
7o95ZoZt5ZYn31e9z1Hc0a,Natasha Bedingfield,"dance pop,pop,post-teen pop",63,1656254
1KCSPY1glIKqW2TotWuXOR,P!nk,"dance pop,pop",78,16032064
4phGZZrJZRo4ElhRtViYdl,Jason Mraz,"acoustic pop,dance pop,neo mellow,pop",69,7264272
3O0n3Twf8wPqVc5x9FJBYe,Skyzz,,12,352
5l3nkPJllQnOEOp5ZP5QyW,The Sleeping,,30,21292
4pADjHPWyrlAF0FA7joK2H,Jay Sean,"dance pop,pop,pop rap,post-teen pop",62,1757224
0WqfvIHk0iWcqlp4UsZyMC,st.James,,16,1027
3BmGtnKgCSGYIUhmivXKWX,Kelly Clarkson,"dance pop,pop,talent show",72,10220751
2ePDWKisYScdi7gDb8WOEO,The North Country,dc indie,8,625
07YZf4WDAMNwqr4jfgOZ8y,Jason Derulo,"dance pop,pop",76,11940576
5ndkK3dpZLKtBklKjxNQwT,B.o.B,"atl hip hop,dance pop,pop rap,rap,southern hip hop",70,2114164
531qdIZUdxxz8LQ4j63zTP,Player1,,38,3850
42MRYPhQfcEXqb18dl5ERX,"Bobby ""Boris"" Pickett","halloween,novelty",60,21212
164hs3x1Tsp3FgJWNHee1r,The Citizens of Halloween,halloween,61,21881
3fMbdgg4jU18AjLCKBhRSm,Michael Jackson,"r&b,soul",80,29230343
1TtXnWcUs0FCkaZDPGYHdf,Darell,"latin hip hop,reggaeton,trap latino,urbano latino",77,4090284
718COspgdWOnwOFpJHRZHS,Luke Combs,"contemporary country,country",81,9496398
19k8AgwwTSxeaxkOuCQEJs,Jelly Roll,"country rap,nashville hip hop,tennessee hip hop",74,2713861
3hcs9uc56yIGFCSy9leWe7,Lil Durk,"chicago drill,chicago rap,drill,hip hop,rap,trap",80,6475402
3win9vGIxFfBRag9S63wwf,Bailey Zimmerman,"contemporary country,modern country pop",72,735276
6tPHARSq45lQ8BSALCfkFC,Lainey Wilson,"contemporary country,modern country pop",69,382217
4YLtscXsxbVgi031ovDDdh,Chris Stapleton,"contemporary country,outlaw country",77,6286881
4DdkRBBYG6Yk9Ka8tdJ9BW,Offset,"atl hip hop,hip hop,pop rap,rap,trap",79,3194148
3FfvYsEGaIb52QPXhg4DcH,Jason Aldean,"contemporary country,country,country road,modern country rock",71,6372786
4zoRNhOhsGX3w8yBAnFSQ8,Paul Russell,indie r&b,64,132310
6IkfE2JyVoKwBZXvuytKX3,Oliver Anthony Music,modern country pop,68,708630
5yPzzu25VzEk8qrGTLIrE1,Young Nudy,"pluggnb,rap,trap",70,1342903
45TgXXqMDdF8BkjA83OM7z,Rod Wave,florida rap,78,5801712
2yLzlEFtIS0Q9UkyBZdQA7,Jessie Murph,"modern country pop,singer-songwriter pop",70,707055
3DbwFQlvLxRSi2uX8mf81A,Sexyy Red,trap queen,72,307344
63XBtGSEZINSyXylZxEUbv,Victoria Monét,alternative r&b,68,824697
6Ff53KvcvAj5U7Z1vojB5o,*NSYNC,"boy band,dance pop,pop",68,2155964
5QNm7E7RU2m64l6Gliu8Oy,HARDY,"contemporary country,modern country pop",71,557608
4D75GcNG95ebPtNvoNVXhz,AFROJACK,"big room,dance pop,dutch house,edm,electro house,pop dance",68,4008186
7bXgB6jMjp9ATFy66eO08Z,Chris Brown,"pop rap,r&b,rap",83,20727514
6TZdvF1kFzwnQLgHQynzsO,Alien Ant Farm,"alternative metal,funk metal,nu metal,post-grunge",56,786074
3MV8aOR91lzhsfoIMd0g5z,Aurora Jayde,,43,365
05eD7r0lrv7tVX32XYnUDs,Derek Norsworthy,,39,199
6a9sa1cMkU55p7QGbjSzNu,Awake Past 3,,41,226
3K2zB87GZv1krx031en5VA,La Roux,"alternative dance,electropop,indietronica,neo-synthpop",60,648379
6dMtOcYDs2wDlYuyxjgkRs,Wavvy Tape,,41,517
1mHuZMOP8FG5ip4yAb1vrB,Michael Franti & Spearhead,reggae fusion,53,208856
0SCbttzoZTnLFebDYmAWCm,Glee Cast,"glee club,post-teen pop",66,1516613
6d0ZjIp5L7Ygy2l02HskRX,Dylan Matthew,singer-songwriter pop,60,96571
0aogCZxZS1h1dWzGm6eBsp,Leida Taylor,,41,187
0Chxmm4XMM87mJOHvyiUzL,Kevin Rudolf,"pop rap,wrestling",48,144963
2gsggkzM5R49q6jpPvazou,Jessie J,"dance pop,pop",68,11660503
2A5XX9330cn5wnouz8SMAx,Supreme Unbeing,,27,7802
7rvhhrFPLui1EZewolgYjE,Eastern Thrills,,42,1312
2aYJ5LAta2ScCdfLhKgZOY,Cobra Starship,"neon pop punk,pop punk,post-teen pop",54,504528
5whBm2Wk9GvITjOclp8nQX,Ava Della Pietra,,29,3887
1l7ZsJRRS8wlW3WfJfPfNS,Christina Aguilera,"dance pop,pop",74,7863269
1YEEbHKA7t5pYoNnjtHSzP,Savage Sons,,39,813
6tbjWDEIzxoDsBA1FuhfPW,Madonna,"dance pop,pop",77,7315135
1dPgPwYz4zapkdMwTIxq7y,Jet Fuel & Ginger Ales,,42,714
5e4Dhzv426EvQe3aDb64jL,Shania Twain,"canadian country,canadian pop,contemporary country,country,country dawn",70,3015479
77tT1kLj6mCWtFNqiOmP9H,Daryl Hall & John Oates,"album rock,classic rock,heartland rock,mellow gold,rock,singer-songwriter,soft rock,yacht rock",70,2251065
3gdbcIdNypBsYNu3iiCjtN,The B-52's,"album rock,classic rock,dance rock,new romantic,new wave,new wave pop,permanent wave,post-punk,rock,zolo",56,1016131
7dtJROxWQe3fxxF5t7o67N,Bonnie McKee,candy pop,39,69649
0yNy8fi1yBBq526E6mx4Zs,Orianthi,candy pop,39,83202
0JpwHe11MFhd77gsR9TNT4,The Grunge Growlers,,43,1689
601893mmW5hl1FBOykWZHG,Deborah Cox,"canadian pop,contemporary r&b,r&b,urban contemporary,vocal house",48,822419
4tZwfgrHOc3mvqYlEYSvVi,Daft Punk,"electro,filter house,rock",78,9677681
3nFkdlSjzX9mRTtwJOzDYB,JAY-Z,"east coast hip hop,gangster rap,hip hop,pop rap,rap",81,8701701
2gBjLmx6zQnFGQJCAQpRgw,Nelly,"dance pop,gangster rap,hip hop,pop rap,rap,st louis rap,urban contemporary",71,2559560
3Isy6kedDrgPYoTS1dazA9,Sean Paul,"dance pop,dancehall,pop,pop rap",77,4516790
0a1gHP0HAqALbEyxaD5Ngn,Rascal Flatts,"contemporary country,country,country road,modern country rock",65,3587513
4AK6F7OLvEQ5QYCBNiQWHq,One Direction,"boy band,pop,post-teen pop,talent show",81,33755271
21E3waRsmPlU7jZsS13rcj,Ne-Yo,"dance pop,pop,r&b,urban contemporary",76,8376575
4M0DLz8te9Q1lNIXBBwvfG,Karmin,"post-teen pop,viral pop",46,548832
5T0MSzX9RC5NA6gAI6irSn,Estelle,"neo soul,r&b",62,269400
6FITmSxIMsk6TfulFiCIIz,Ram Jam,southern rock,54,129968
1pbHrVayIcVpHI9z97u4bK,Bingo Players,"big room,dutch house,edm,electro house,melbourne bounce,pop dance,progressive electro house,progressive house",55,484798
085pc2PYOi8bGKj0PNjekA,will.i.am,"dance pop,pop",70,4133272
5j4HeCoUlzhfWtjAfM1acR,Stromae,"belgian pop,g-house",68,3134575
33ScadVnbm2X8kkUqOkC6Z,Don Omar,"latin hip hop,puerto rican pop,reggaeton,trap latino,urbano latino",79,10450975
07QEuhtrNmmZ0zEcqE9SF6,Owl City,"indietronica,pop",65,2388534
536BYVgOnRky0xjsPT96zl,Two Door Cinema Club,"indie rock,indietronica,irish rock,modern alternative rock,modern rock,northern irish indie",66,2347149
7o9Nl7K1Al6NNAHX6jn6iG,Travie McCoy,pop rap,59,367384
5tKXB9uuebKE34yowVaU3C,Iyaz,"dance pop,pop rap,post-teen pop",62,918681
2iojnBLj0qIMiKPvVhLnsH,Trey Songz,"dance pop,r&b,southern hip hop,trap,urban contemporary",66,7431616
3DiDSECUqqY1AuBP8qtaIa,Alicia Keys,"neo soul,pop,r&b",75,11169962
0RpddSzUHfncUWNJXKOsjy,Neon Trees,"modern rock,neo mellow,pop rock,pov: indie",62,1247045
5OrB6Jhhrl9y2PK0pSV4VP,Young Money,"dirty south rap,pop rap,rap,southern hip hop,trap",60,3003069
698hF4vcwHwPy8ltmXermq,Far East Movement,"asian american hip hop,dance pop,pop rap",62,1143829
5Y5TRrQiqgUO4S36tzjIRZ,Timbaland,"dance pop,pop,pop rap",75,2657029
55Aa2cqylxrFIXC767Z865,Lil Wayne,"hip hop,new orleans rap,pop rap,rap,trap",83,14155723
1EeArivTpzLNCqubV95255,Cali Swag District,pop rap,48,87974
0id62QV2SZZfvBn9xpmuCl,Aloe Blacc,"pop soul,r&b",61,712832
4M6Z1wubeKtwPqbjJygTOc,Shontelle,"barbadian pop,dance pop,post-teen pop,talent show",50,726058
6XwwFnewNgWp81MYMK8zLq,Edward Maya,"romanian house,romanian pop",60,237002
3ipn9JLAPI5GUEo4y4jcoi,Ludacris,"atl hip hop,dance pop,dirty south rap,hip hop,old school atlanta hip hop,pop rap,rap,southern hip hop,trap",73,2702369
0hEurMDQu99nJRq8pTxO14,John Mayer,"neo mellow,singer-songwriter",74,5955171
0FWzNDaEu9jdgcYTbcOa4F,3OH!3,"dance pop,electropowerpop,pop punk,pop rap,post-teen pop",60,958580
6S0dmVVn4udvppDhZIWxCr,Sean Kingston,"dance pop,miami hip hop,pop",67,3190394
2w9zwq3AktTeYYMuhMjju8,INNA,"dance pop,romanian house,romanian pop",66,1262584
0hYxQe3AK5jBPCr5MumLHD,Sugarland,"contemporary country,country,country dawn,country road",53,1897825
4KkHjCe8ouh8C2P9LPoD4F,Yolanda Be Cool,"australian dance,australian house,bass house",49,45909
6r20qOqY7qDWI0PPTxVMlC,DJ Fresh,"dancefloor dnb,drum and bass,uk dance",53,288047
6Vh6UDWfu9PUSXSzAaB3CW,Example,"hip house,uk dance",54,317896
6prmLEyn4LfHlD9NnXWlf7,Adam Lambert,"dance pop,idol,pop,post-teen pop",57,1572147
1h6Cn3P4NGzXbaXidqURXs,Swedish House Mafia,"edm,pop dance,progressive electro house",73,3778736
3AQRLZ9PuTAozP28Skbq8V,The Script,"celtic rock,pop",71,8065888
2Sqr0DXoaYABbjBo9HaMkM,Sara Bareilles,"acoustic pop,ectofolk,lilith,neo mellow,pop rock,post-teen pop,viral pop",62,1924460
6UE7nl9mha6s8z0wFQFIZ2,Robyn,"dance pop,electropop,neo-synthpop,scandipop,swedish electropop,swedish pop",56,825433
7pGyQZx9thVa8GxMBeXscB,K'NAAN,reggae fusion,57,222083
1XgFuvRd7r5g0h844A5ZUQ,Take That,"boy band,europop,talent show",62,1260684
6f4XkbvYlXMH0QgVRzW0sM,Waka Flocka Flame,"atl hip hop,dirty south rap,pop rap,rap,southern hip hop,trap",62,2707089
7iLc4hrjOjQPfg1E3cCHg1,Tim Berg,"edm,electro house,pop dance,progressive electro house",48,212572
2NhdGz9EDv2FeUw6udu2g1,The Wanted,"boy band,dance pop,pop,post-teen pop",61,2637962
15qI5w4XJFLRMwOp2VrlD5,The Saturdays,"dance pop,girl group,post-teen pop,talent show",46,773606
0QHgL1lAIqAw0HtD7YldmP,DJ Khaled,"hip hop,miami hip hop,pop rap,rap",73,10630396
4H4M0Y4cN39zIVDHvdW53x,Dylan Gossett,,62,102606
77kULmXAQ6vWer7IIHdGzI,Jordan Davis,contemporary country,71,1065784
0ChjBYedhZTQnWZWQYg15U,Bryan Martin,modern country pop,67,105243
08GfvCW09pv2QP4y9sle2a,Sam Barber,modern country pop,65,204299
13ZEDW6vyBF12HYcZRr4EV,Tyler Childers,"kentucky indie,kentucky roots,outlaw country",75,2092626
4xFUf1FHVy696Q1JQZMTRj,Carrie Underwood,"classic oklahoma country,contemporary country,country,country dawn,country road,dance pop",68,5891757
7FY5V3XMwlNBPitEjXowHQ,Darius Rucker,"black americana,contemporary country,country,country road,modern country rock",65,2503689
3EVsC9ZK7QMDuK4FPcZaEq,Josh Meloy,"classic oklahoma country,modern country pop,oklahoma country,texas country",61,64094
46lEQmDJLJeyltECJYJv1Y,Wyatt Flores,"modern country pop,oklahoma country",61,102662
6yJCxee7QumYr820xdIsjo,Zac Brown Band,"contemporary country,country,country road,modern country rock",69,3714317
5Ppie0uPnbnvGBYRwYmlt0,Megan Moroney,modern country pop,65,174553
0BvkDsjIUla7X0k6CSWh1I,Luke Bryan,"contemporary country,country,country road,modern country rock",73,8542454
6zLBxLdl60ekBLpawtT63I,Cody Johnson,"classic texas country,contemporary country",72,994905
7z5WFjZAIYejWy0NI5lv4T,Dan + Shay,"contemporary country,country,country road",69,3085834
5Zq7R5qmi58ByYyBQTlNuk,Lee Brice,"contemporary country,country,country road,modern country rock",67,2170353
5ujvZU2thXjZgFKPUt1rDt,Chayce Beckham,modern country pop,58,82804
2kucQ9jQwuD8jWdtR9Ef38,Sam Hunt,"contemporary country,country,country pop,modern country rock",67,2311661
4GGfAshSkqoxpZdoaHm7ky,ERNEST,modern country pop,65,100575
6x2LnllRG5uGarZMsD4iO8,Thomas Rhett,"contemporary country,country,country road,modern country rock",70,4656236
619CzMJPPWrCeZwx5qw6ko,Besomorph,"alt z,dark r&b,slap house,traprun",59,117770
44aoeFCBHXcE6v9hM7dBcl,Meric,,42,3800
1DUd25ybTBglvAohsXTmBx,Gloria Kim,,43,6209
7MmewOfNotqLLNt48TelbK,Arya,,25,1685
2kytM35nXuQfdxPeoLgE0K,Frizk,,58,16942
7HajgsbfyKJutkRaAOO3Gv,3409,,26,2403
7maQENQfaF8xDdEJp4i545,Aliyah's Interlude,,63,57985
0xD6n0wj7aqV5g5LcRNBUd,RIELL,dark r&b,54,47818
2jrBiKykLqcIp2S7GLiahy,Cadmium,,50,61470
6USv9qhCn6zfxlBQIYJ9qs,Dominic Fike,"alternative pop rock,pov: indie",74,1385755
7kjSuFGKhLm8b5qXoMhRkJ,Libianca,afrobeats,67,360112
5y8tKLUfMvliMe8IKamR32,d4vd,"bedroom pop,bedroom r&b",75,1905221
5KKpBU5eC2tJDzf0wmlRp2,RAYE,"uk contemporary r&b,uk pop",77,1054518
57vWImR43h4CaDao012Ofp,Steve Lacy,afrofuturism,79,3821852
2CpLIMBoE2ZzyY3ZBCRZ7j,BUNT.,stutter house,61,108811
4XC335ouK6pXyq4QiIb8bP,Eliza Rose,house,57,46363
2feDdbD5araYcm6JhFHHw7,Labrinth,"indie poptimism,pop",76,3083647
6AMd49uBDJfhf30Ak2QR5s,Coi Leray,"new jersey underground rap,trap queen",72,662400
44CMqAkutKvmCaE2OxyCbd,BRAN,traprun,46,4743
6BH1xcDkwbbyrLMUKECsW1,Toosii,north carolina hip hop,65,1440002
77PxY9mItIkmEo8D2fbfco,Jaeger,"bass trap,traprun",35,13184
360IAlyVv4PCEVjgyMZrxK,Miguel,"r&b,urban contemporary",76,4842606
1GmsPCcpKgF9OhlNXjOsbS,Lizzy McAlpine,"alt z,boston folk,indie pop,singer-songwriter pop",70,705530
6iXyKLMU80TXYMWa2dQCUB,Gabriel Matthew,,23,81
1URnnhqYAYcrqrcwql10ft,21 Savage,"atl hip hop,hip hop,rap",87,15411351
1vyhD5VmyZ7KMfW5gqLgo5,J Balvin,"reggaeton,reggaeton colombiano,trap latino,urbano latino",83,37800584
1RyvyyTE3xzB2ZywiAwp0i,Future,"atl hip hop,hip hop,rap,southern hip hop,trap",87,15201141
4VMYDCV2IEDYJArk749S6m,Daddy Yankee,"latin hip hop,reggaeton,trap latino,urbano latino",83,33845310
3PhoLpVuITZKcymswpck5b,Elton John,"glam rock,mellow gold,piano rock,rock",80,12444033
2LRoIwlKmHjgvigdNGBHNo,Feid,"colombian pop,pop reggaeton,reggaeton,reggaeton colombiano,trap latino,urbano latino",88,8146335
1mcTU81TzQhprhouKaTkpq,Rauw Alejandro,"puerto rican pop,reggaeton,trap latino,urbano latino",85,19204347
4YRxDV8wJFPHPTeXepOstw,Arijit Singh,"filmi,modern bollywood",87,94343478
1i8SpTcr7yvPOmcqrbnVXY,Ozuna,"puerto rican pop,reggaeton,trap latino,urbano latino",83,37850409
2LIk90788K0zvyj2JJVwkJ,Jack Harlow,"deep underground hip hop,kentucky hip hop,pop rap,rap",81,3062691
6VuMaDnrHyPL1p4EHjYLi7,Charlie Puth,"pop,viral pop",79,21668914
2o5jDhtHVPhrJdv3cEQ99Z,Tiësto,"big room,brostep,dutch edm,edm,house,pop dance,slap house,trance",80,7145539
1wRPtKGflJrBx9BmLsSwlU,Pritam,"filmi,indian instrumental,modern bollywood",84,22930275
52iwsT98xCoGgiGntTiR7K,Quevedo,"rap canario,trap latino,urbano latino",83,3238116
0oOet2f43PA68X5RxKobEy,Shreya Ghoshal,"filmi,modern bollywood",80,20554486
699OTQXzgjhIYAHMy9RyPD,Playboi Carti,"atl hip hop,plugg,pluggnb,rage rap,rap",82,9125912
329e4yvIujISKGKz1BZZbO,Farruko,"reggaeton,trap latino,urbano latino",80,15697952
6XyY86QOPPrYVGvF9ch6wz,Linkin Park,"alternative metal,nu metal,post-grunge,rap metal,rock",82,24638593
1zNqQNIdeOUZHb8zbZRFMX,Swae Lee,"melodic rap,rap,trap",77,1877619
2R21vXR83lH98kGeO99Y66,Anuel AA,"reggaeton,reggaeton flow,trap boricua,trap latino,urbano latino",85,33386527
6XkjpgcEsYab502Vr1bBeW,Grupo Frontera,musica chihuahuense,83,2243703
1zNqDE7qDGCsyzJwohVaoX,Anne-Marie,pop,76,11347703
5H4yInM5zmHqpKIoMNAx4r,Central Cee,melodic drill,80,4282117
08GQAI4eElDnROBrJRGE0X,Fleetwood Mac,"album rock,classic rock,rock,soft rock,yacht rock",79,10617420
4fwuXg6XQHfdlOdmw36OHa,Paloma Faith,"british soul,talent show,uk pop",64,1210649
2ysnwxxNtSgbb9t1m2Ur4j,George Ezra,"folk-pop,neo-singer-songwriter,talent show",70,4132962
0MlOPi3zIDMVrfA9R04Fe3,American Authors,"modern rock,pop rock",62,1561597
0awl5piYwO0CDTHEkCjUhn,Nico & Vinz,afrobeats,59,520096
0kkxsdcaWmWU2yWAqclDh4,Rixton,"post-teen pop,teen pop,viral pop",57,756375
4obzFoKoKRHIphyHzJ35G3,Becky G,"latin pop,latin viral pop,rap latina,reggaeton,trap latino,urbano latino",76,14078366
33W1pnW9zScZtYTnAoWnOT,Mr. Probz,pop dance,60,333367
5IcR3N7QB1j6KBL8eImZ8m,ScHoolboy Q,"gangster rap,hip hop,pop rap,rap,southern hip hop,trap",69,4614790
73Np75Wv2tju61Eo9Zw4IR,Idina Menzel,"broadway,hollywood,movie tunes,show tunes",66,440363
4NHQUGzhtTLFvgF5SZesLK,Tove Lo,"dance pop,metropopolis,pop,swedish electropop,swedish pop,swedish synthpop",71,3521417
1dgdvbogmctybPrGEcnYf6,Route 94,"house,uk dance",54,158626
58MLl9nC29IXbE4nEtuoP2,Alex & Sierra,"pop,post-teen pop",55,1169473
1hzfo8twXdOegF3xireCYs,Milky Chance,"german pop,modern rock",69,1850940
6MDME20pz9RveH9rEXvrOM,Clean Bandit,"pop,uk dance,uk funky",71,5317879
3KV3p5EY4AvKxOlhGHORLg,Jeremih,"chicago rap,pop rap,r&b,trap,urban contemporary",71,6567743
5xKp3UyavIBUsGy3DQdXeF,A Great Big World,"neo mellow,piano rock,pop rock,viral pop",58,565436
74XFHRwlV6OrjEM0A2NCMF,Paramore,"candy pop,modern rock,pixie,pop,pop emo,pop punk,rock",75,8127974
0NIIxcxNHmOoyBx03SfTCD,Tinashe,"alternative r&b,dance pop,metropopolis,pop,r&b,urban contemporary",65,2676688
1PbBg2aYjWLKRk84zJK15x,Echosmith,"electropop,indie poptimism,viral pop",55,601528
34Y0ldeyUv7jBvukWOGASO,Bobby Shmurda,"nyc rap,rap,trap",54,1479933
4Rxn7Im3LGfyRkY2FlHhWi,Nick Jonas,"dance pop,pop",62,9517784
6VDdCwrBM4qQaGxoAyxyJC,Cold War Kids,"indie rock,modern alternative rock,modern rock,piano rock,stomp and holler",57,839907
6KZDXtSj0SzGOV705nNeh3,Kid Ink,"pop rap,rap,southern hip hop,trap",63,3017150
3whuHq0yGx60atvA2RCVRW,Olly Murs,"dance pop,pop,talent show",62,3303454
5yG7ZAZafVaAlMTeBybKAL,Iggy Azalea,"australian hip hop,dance pop,pop",65,6492556
50OApTJurDusIo9dGTqSU4,Lilly Wood and The Prick,"french indie pop,french rock",59,248241
6VxCmtR7S3yz4vnzsJqhSV,Sheppard,"australian indie,australian pop,folk-pop",58,292404
5nki7yRhxgM509M5ADlN1p,Oliver Heldens,"dutch house,edm,electro house,future house,house,pop dance,progressive electro house,progressive house",65,1012455
2qdONMCoDngQk0eV4Avs1i,Natalie La Rose,,46,109393
4zxvC7CRGvggq9EWXOpwAo,Kiesza,"electropop,pop edm",51,293473
5CCwRZC6euC8Odo6y9X8jr,Rita Ora,"dance pop,pop,uk pop",70,8334751
3Yl4nkmEa8BSuGWbwhdLDq,G.R.L.,"girl group,post-teen pop,talent show",51,417263
1Zatb2YN4erBOoSivOXc0o,O.T. Genasis,"southern hip hop,trap",49,1030686
28j8lBWDdDSHSSt5oPlsX2,ZHU,"edm,electro house",61,862876
61lyPtntblHJvA7FMMhi7E,Duke Dumont,"edm,house,pop dance,progressive house,uk dance",63,710642
5INjqkS1o8h1imAzPqGZBb,Tame Impala,"australian psych,modern rock,neo-psychedelic,rock",76,7044852
7jdFEYD2LTYjfwxOdlVjmc,KALEO,"icelandic indie,icelandic rock,modern alternative rock",67,1652048
2EMAnMvWE2eb56ToJVfCWs,Bryson Tiller,"kentucky hip hop,r&b,rap",77,7616922
1KP6TWI40m7p3QBTU6u2xo,BØRNS,"indie poptimism,modern alternative rock,modern rock,pov: indie",65,1207617
4UXqAaa6dQYAk18Lv7PEgX,Fall Out Boy,"emo,modern rock,pop,rock",77,10338940
3t5xRXzsuZmMDkQzgOX35S,Robin Schulz,"deep euro house,deep house,edm,german dance,pop dance,tropical house",74,3098484
6S2OmqARrzebs0tKUEyXyp,Demi Lovato,"pop,post-teen pop",76,26264435
1Xylc3o4UrD53lo9CvFvVg,Zara Larsson,"pop,scandipop,swedish electropop,swedish pop",74,10404454
4TH4BHy0LdBi3dpBW4P2UX,R. City,"reggae fusion,virgin islands reggae",59,147138
3NPpFNZtSTHheNBaWC82rB,X Ambassadors,"modern alternative rock,modern rock,stomp pop",68,2951440
23fqKkggKUBHNkbKtXEls4,Kygo,"edm,pop,pop dance,tropical house",75,8420653
3QLIkT4rD2FMusaqmkepbq,Rachel Platten,"post-teen pop,viral pop",59,888752
2hWs22BmQkK4czFtDLnar2,Rob $tone,"san diego rap,viral trap",55,255638
0c173mlxpT3dSFRgMO8XPh,Big Sean,"detroit hip hop,hip hop,pop rap,r&b,rap,trap",74,11148050
4sTQVOfp9vEMCemLw50sbu,Galantis,"dance pop,edm,pop,pop dance",67,3374820
3e7awlrlDSwF3iM0WBjGMp,Little Mix,"girl group,pop,talent show,uk pop",71,11734365
1HxJeLhIuegM3KgvPn8sTa,Jack Ü,"edm,electro house,pop dance",56,1083579
4bL2B6hmLlMWnUEZnorEtG,Felix Jaehn,"edm,german dance,pop dance,tropical house",71,1297544
1l8Fu6IkuTP0U5QetQJ5Xt,Fifth Harmony,"girl group,pop,talent show",66,16204975
3bhu7P5PfngueRHiB9hjcx,Elle King,modern blues rock,61,584063
7iZtZyCzp3LItcw1wtPI3D,Rae Sremmurd,"melodic rap,mississippi hip hop,pop rap,rap,trap",69,7357247
2wUjUUtkb5lvLKcGKsKqsR,Alessia Cara,"canadian contemporary r&b,canadian pop,pop",71,11886847
6VD4UEUPvtsemqD3mmTqCR,Deorro,"dutch house,edm,electro house,melbourne bounce,melbourne bounce international,pop dance,progressive electro house",63,1243663
1BhWF9W2PngtPSyobKg0rP,Pia Mia,"dance pop,pop,post-teen pop",54,1996418
7f5Zgnp2spUuuzKplmRkt7,Lost Frequencies,"belgian edm,edm,pop dance,tropical house",74,2754255
5p7f24Rk5HkUZsaS3BLG5F,Hailee Steinfeld,pop,67,8896853
6ujr1NkqbZpYOhquczUUfl,The Strumbellas,"canadian indie,folk-pop,stomp and holler",53,264219
2FwJwEswyIUAljqgjNSHgP,Snakehips,"electropop,uk dance",59,356610
36jaGQtMj5UWD0eO1fCVdD,Joel Adams,"australian pop,pop soul",50,191237
4EzkuveR9pLvDVFNx6foYD,James Bay,"neo mellow,pop,uk pop",68,3974325
20sxb77xiYeusSH8cVdatc,Meek Mill,"hip hop,philly rap,pop rap,rap,southern hip hop,trap",72,7649365
0f5nVCcR06GX8Qikz0COtT,Omarion,"dance pop,hip pop,r&b,rap,southern hip hop,trap,urban contemporary",59,2830544
1HBjj22wzbscIZ9sEb5dyf,Jonas Blue,"pop,pop dance,tropical house,uk dance",72,3828754
5MouCg6ta7zAxsfMEbc1uh,OMI,reggae fusion,61,615758
6gK1Uct5FEdaUWRWpU4Cl2,Petit Biscuit,new french touch,58,948596
7H55rcKCfwqkyDFH9wpKM6,Christina Perri,pop,69,3723009
4BxCuXFJrSWGi1KHcVqaU4,Kodaline,"irish pop,modern rock",66,2999725
4dwdTW1Lfiq0cM8nBAqIIz,Of Monsters and Men,"folk-pop,metropopolis,modern rock,stomp and holler",65,3513903
73sIBHcqh3Z3NyqHKZ7FOL,Childish Gambino,"atl hip hop,hip hop,rap",76,11672654
13ubrt8QOOCPljQ2FL1Kca,A$AP Rocky,"east coast hip hop,hip hop,rap,trap",79,13012200
6p5JxpTc7USNnBnLzctyd4,Phillip Phillips,"folk-pop,neo mellow,pop rock",59,1108233
0SfsnGyD8FpIN4U4WCkBZ5,Armin van Buuren,"dutch house,dutch trance,edm,pop dance,progressive house,trance",72,4328572
4VhL8KLjVso4vLfOLVViTb,Bridgit Mendler,"pop,post-teen pop",57,1359586
1VBflYyxBhnDc9uVib98rw,Icona Pop,"candy pop,dance pop,electropop,metropopolis,swedish electropop,swedish synthpop",63,710686
6nS5roXSAGhTGr34W6n7Et,Disclosure,"edm,house,indietronica,uk dance",69,2144957
17lzZA2AlOHwCwFALHttmp,2 Chainz,"atl hip hop,hip hop,pop rap,rap,southern hip hop,trap",73,8035708
3gd8FJtBJtkRxdfbTu19U2,Mumford & Sons,"modern folk rock,modern rock,neo mellow,stomp and holler,uk americana",69,6509126
60d24wfXkVzDSfLS6hyCjZ,Martin Garrix,"dutch edm,edm,pop,pop dance,progressive house",73,15717825
1GxkXlMwML1oSg5eLPiAz3,Michael Bublé,"adult standards,canadian pop,jazz pop,lounge",73,6013254
2NdeV5rLm47xAvogXrYhJX,Ciara,"dance pop,hip pop,pop,r&b,urban contemporary",68,6359435
6hyMWrxGBsOx6sWcVj1DqP,Sebastian Ingrosso,"edm,electro house,pop dance,progressive electro house,progressive house",58,967295
34v5MVKeQnIo0CWYMbbrPf,John Newman,dance pop,65,718544
2lEOFtf3cCyzomQcMHJGfZ,Ylvis,comic,46,162378
3mIj9lX2MWuHmhNCA7LSCW,The 1975,"modern alternative rock,modern rock,pop,pov: indie,rock",74,6964005
67nwj3Y5sZQLl72VNUHEYE,Wale,"pop rap,r&b,rap,southern hip hop,trap",67,4172559
1bT7m67vi78r2oqvxrP3X5,Naughty Boy,uk contemporary r&b,59,336109
7hJcb9fa4alzcOq3EaNPoG,Snoop Dogg,"g funk,gangster rap,hip hop,pop rap,rap,west coast rap",79,10468818
2dd5mrQZvg6SmahdgVKDzh,PSY,"k-rap,korean old school hip hop",60,1648189
6CwfuxIqcltXDGjfZsMd9A,MARINA,"metropopolis,pop,pov: indie,uk alternative pop",70,5020267
3XHO7cRUPCLOr6jwp8vsx5,alt-J,"indie rock,indietronica,modern alternative rock,modern rock,rock",67,3211958
5he5w2lnU9x7JFhnwcekXX,Skrillex,"brostep,complextro,edm,electro,pop dance",74,8101004
7gRhy3MIPHQo5CXYfWaw9I,Azealia Banks,"escape room,hip house,lgbtq+ hip hop,trap queen",59,1042123
2HcwFjNelS49kFbfvMxQYw,Robbie Williams,"dance rock,europop",68,2766285
5fahUm8t5c0GIdeTq0ZaG8,Otto Knows,"dutch house,edm,electro house,pop dance,progressive electro house",57,397077
7t51dSX8ZkKC7VoKRd0lME,Asaf Avidan,"israeli pop,israeli rock",55,355062
12Chz98pHFMPJEknJQMWvI,Muse,"alternative rock,modern rock,permanent wave,rock",72,7697700
053q0ukIDRgzwTr4vNSwab,Grimes,"art pop,canadian electropop,grave wave,indietronica,metropopolis,neo-synthpop",65,2174666
2DlGxzQSjYe5N6G9nkYghR,Jennifer Lopez,"dance pop,pop,urban contemporary",72,12497277
01QTIT5P1pFP3QnnFSdsJf,Lupe Fiasco,"chicago rap,conscious hip hop,hip hop,political hip hop,pop rap,rap,southern hip hop",63,1884329
7gjAu1qr5C2grXeQFFOGeh,Passion Pit,"indie rock,indietronica,modern rock,neo-synthpop,shimmer pop",54,1249521
5DYAABs8rkY9VhwtENoQCz,Gavin DeGraw,"neo mellow,pop rock",58,1290345
3iOvXCl6edW5Um0fXEBRXy,The xx,"downtempo,dream pop,indietronica",64,3877666
1sDVuztNhGcetCLChkleDA,Michel Teló,"sertanejo,sertanejo pop,sertanejo universitario",59,3303443
0Z8XVUAOBPM4x12wKnFHEQ,Parker McCollum,"classic texas country,texas country",65,371483
7kplJl06UmldxLKseURAYi,Warren Zeiders,modern country pop,65,487587
3sUpZrkehiGBaMzs2h9Mmc,Corey Kent,"modern country pop,texas country",62,106957
4NYMUsIcUUsBHbV9DICa5x,Nate Smith,modern country pop,62,232376
4e9TBaTlI3LVQz3tkTYC0I,Hailey Whitters,"contemporary country,country pop,modern country pop",55,66072
7FetIwKD9uIJFiUwdHfq6g,John Morgan,modern country pop,51,9950
78YqeIji3mgAS2K1Maca6x,Dylan Scott,"contemporary country,country,country road,modern country rock",66,1515851
3RqBeV12Tt7A8xH3zBDDUF,Kelsea Ballerini,"contemporary country,country",67,1099663
1p6CdzJRoicjRcSdWoB9Qc,Mitchell Tenpenny,"contemporary country,country road,heartland rock,modern country rock",62,428079
5fMUXHkw8R8eOP2RNVYEZX,Diplo,"dance pop,edm,electro house,moombahton,pop dance",75,2578073
7HTLVyjNf0VRxfIgNcfRRH,Chase Matthew,modern country pop,62,182679
6aZyMrc4doVtZyKNilOmwu,Colbie Caillat,"dance pop,neo mellow,pop",66,2501041
0FDlMMfT3tLEKM0QdEIHYu,Owen Riegling,,47,4173
34bhyY8jfKez7uKakMfy4y,Maddie & Tae,"contemporary country,country,country road,modern country rock",59,1119051
5lRB3MAJfKzlt7dgYMHWgY,Dylan Schneider,"contemporary country,modern country rock",52,202651
4TPT9nwjRvEV49q7f8p4fy,Alana Springsteen,"contemporary country,country pop,modern country pop",57,55300
3oSJ7TBVCWMDMiYjXNiCKE,Kane Brown,"black americana,contemporary country,country,country road",70,5207406
6Iz3eq2aQGFf7TbGT2iahL,Gabby Barrett,contemporary country,61,294082
46c50yWMo9wiTgVe1VxBbQ,Brian Kelley,modern country pop,50,23158
6BRxQ8cD3eqnrVj6WKDok8,Ella Langley,modern country pop,56,45834
7Cezk2wEDBPfYCwEuKum1Y,Luke Grimes,modern country pop,54,60396
5XLWHp9tjK7PWm7SMcvo2q,Restless Road,modern country pop,56,142271
1N53jg6KZxBoFI9oWNchct,Abbey Cone,"country pop,modern country pop",47,5969
2QMsj4XJ7ne2hojxt6v5eb,Riley Green,"contemporary country,country road,modern country rock",67,615584
3BEV5FcxOtkQJ7lLRKMh3V,Tyler Hubbard,"contemporary country,modern country pop",62,103007
6y8XlgIV8BLlIg1tT1R10i,Old Dominion,"contemporary country,country,country road,modern country rock",67,1428512
1nYvElumwIjMkOczb985bq,Charlie Worsham,modern country rock,49,32110
4sIl4BTo9l9KqEi0Y3RE72,Carly Pearce,"contemporary country,country,country road",61,355414
0TImkz4nPqjegtVSMZnMRq,TLC,"atl hip hop,contemporary r&b,dance pop,girl group,hip pop,r&b,urban contemporary",66,3764510
5rSXSAkZ67PYJSvpUpkOr7,Backstreet Boys,"boy band,dance pop,pop",72,5422174
6GI52t8N5F02MxU0g5U69P,Santana,"blues rock,classic rock,mexican classic rock",68,3188057
2Mu5NfyYm8n5iTomuKAEHl,Ms. Lauryn Hill,"alternative r&b,conscious hip hop,hip hop,neo soul,new jersey rap,r&b,soul",69,2628650
47zz7sob9NUcODy0BTDvKx,Sade,"british soul,sophisti-pop",70,3484907
0uq5PttqEjj3IH1bzwcrXF,Spice Girls,"dance pop,girl group,pop",66,3252972
6DPYiyq5kWVQS4RGwxzPC7,Dr. Dre,"g funk,gangster rap,hip hop,rap,west coast rap",77,10707127
41Q0HrwWBtuUkJc7C1Rp6K,311,"alternative metal,alternative rock,funk metal,funk rock,nu metal,pop rock,rap rock,reggae fusion",58,993243
41qil2VaGbD194gaEcmmyx,Will Smith,"hip hop,pop rap",64,905597
7t0rwkOPGlDPEhaOcVtOt9,The Cranberries,"irish rock,pop rock,rock",71,3700657
3y24n3XhZ96wgwRXjvS17T,Coolio,"g funk,gangster rap,hip hop,west coast rap",66,1022745
6FBDaR13swtiWwGhX1WQsP,blink-182,"alternative metal,modern rock,pop punk,punk,rock,socal pop punk",79,7891472
2SHhfs4BiDxGQ3oxqf0UHY,Roxette,"europop,swedish pop,synthpop",68,2097142
46lnlnlU0dXTDpoAUmH6Qx,Lou Bega,latin pop,56,108594
2cGwlqi3k18jFpUyTrsR84,The Verve,"britpop,permanent wave,rock,shoegaze",63,2226863
0dlOr0VIysztGWvU1dpjmP,Natalie Imbruglia,"dance pop,europop,lilith,new wave pop,pop rock",59,932342
6nzxy2wXs6tLgzEtqOkEi2,Monica,"contemporary r&b,hip pop,r&b,urban contemporary",59,2532604
7slfeZO9LsJbWgpkIoXBUJ,Ricky Martin,"latin pop,mexican pop,puerto rican pop",70,7600084
0L8ExT028jH3ddEcZwqJJ5,Red Hot Chili Peppers,"alternative rock,funk metal,funk rock,permanent wave,rock",80,20271038
4ylR3zwA0zaapAu94fktwa,Macy Gray,neo soul,56,645133
4KWTAlx2RvbpseOGMEmROg,R.E.M.,"alternative rock,athens indie,permanent wave,rock",71,4245094
5mgr0FFpvy267wKVAYg8qp,Lit,"alternative metal,nu metal,pop punk,pop rock,socal pop punk",54,323027
3qm84nBOXUEQ2vnTfUTTFC,Guns N' Roses,"glam metal,hard rock,rock",76,30187350
711MCceyCBcFnzjGY4Q7Un,AC/DC,"australian rock,hard rock,rock",78,27567082
7r8RF1tN2A4CiGEplkp1oP,Ginuwine,"contemporary r&b,hip pop,r&b,urban contemporary",62,2527071
4Z8W4fKeB5YxbusRsdQVPb,Radiohead,"alternative rock,art rock,melancholia,oxford indie,permanent wave,rock",78,8910636
0kJMPTXq7h3ztpDukSx5iD,Pras,new jersey rap,59,23529
5EvFsr3kj42KNv97ZEnqij,Shaggy,"pop rap,reggae fusion",69,2062647
2d0hyoQ5ynDBnkvAbJKORj,Rage Against The Machine,"alternative metal,alternative rock,conscious hip hop,funk metal,hard rock,nu metal,political hip hop,post-grunge,rap metal,rap rock,rock",68,5678642
09hVIj6vWgoCDtT03h8ZCa,A Tribe Called Quest,"conscious hip hop,east coast hip hop,golden age hip hop,hip hop,jazz rap,queens hip hop",64,1993802
4S9EykWXhStSc15wEx8QFK,Céline Dion,canadian pop,71,7798828
2iEvnFsWxR0Syqu2JNopAd,Smash Mouth,"pop rock,post-grunge",63,1016503
3RNrq3jvMZxD9ZyoOZbQOD,Korn,"alternative metal,funk metal,hard rock,nu metal,post-grunge,rap metal,rock",73,6791498
5a2EaR3hamoenG9rDuVn8j,Prince,"funk,funk rock,minneapolis sound,rock,synth funk",68,7077800
2WKdxPFRD7IqZvlIAvhMgY,Fugees,"east coast hip hop,hip hop,neo soul,new jersey rap",63,1313044
3NRFinRTEqUCfaTTZmk8ek,Savage Garden,"boy band,dance pop,pop rock",61,1219439
0lJlKQvuM2Sd9DPPyUXcHg,Sixpence None The Richer,"lilith,pop rock",62,480551
4iSKnRZAxkmqNok6tv10Se,Crazy Town,"alternative metal,funk metal,nu metal,post-grunge,rap rock",55,493878
0EdvGhlC1FkGItLOWQzG4J,Sublime,"rap rock,reggae fusion,ska mexicano,ska punk",67,2650791
0nyc9SZGLITSOJASmTZsnZ,LEN,canadian rock,46,32694
2mpeljBig2IXLXRAFO9AAs,Dido,"dance pop,europop,lilith,neo mellow,pop rock",68,1659874
37w38cCSGgKLdayTRjna4W,Mazzy Star,"dream pop,melancholia,shoegaze,slowcore",65,1075495
2PSiyldxmJze7xiqbz658m,Spin Doctors,"pop rock,post-grunge",55,635675
2zrZfs23sjuHDv4E6YRmNf,Kris Kross,"gangster rap,hardcore hip hop,hip hop,hip pop,miami bass,old school atlanta hip hop",48,462836
0vEsuISMWAKNctLlUAhSZC,Counting Crows,"neo mellow,pop rock,post-grunge,rock",65,1714092
1w5Kfo2jwwIPruYS2UWh56,Pearl Jam,"alternative metal,alternative rock,grunge,permanent wave,rock",71,8467054
3g2kUQ6tHLLbmkV7T4GPtL,Fiona Apple,"art pop,chamber pop,dark pop,lilith,permanent wave,piano rock,singer-songwriter",60,1291296
6XpaIBNiVzIetEPCWDvAFP,Whitney Houston,pop,73,9703270
7oPftvlwr6VrsViSDV7fJY,Green Day,"modern rock,permanent wave,punk,rock",78,14424628
4P0dddbxPil35MNN9G2MEX,Cypress Hill,"chicano rap,gangster rap,hip hop,rap rock,west coast rap",64,1917503
7jy3rLJdDQY21OgRLCZ9sD,Foo Fighters,"alternative metal,alternative rock,modern rock,permanent wave,post-grunge,rock",75,11379717
19ra5tSw0tWufvUp8GotLo,George Michael,new wave pop,70,4500278
7HLvzuM9p11k9lUQfSM4Rq,Warrant,"album rock,glam metal,hard rock",52,1222828
6J7biCazzYhU3gM9j1wfid,Jamiroquai,dance pop,64,2260456
4Eqd24yS5YcxI8b6Xfuwr8,Eve 6,"alternative metal,pop rock,post-grunge",49,426161
3KEb1kbIZN5jumsjFEWgSW,Tal Bachman,pop rock,51,38713
64tNsm6TnZe2zpcMVMOoHL,Alice In Chains,"alternative metal,alternative rock,grunge,hard rock,nu metal,rock",69,4779812
20qISvAhX20dpIbOOzGK3q,Nas,"conscious hip hop,east coast hip hop,gangster rap,hardcore hip hop,hip hop,queens hip hop,rap",71,3477370
0rvjqX7ttXeg3mTy8Xscbt,Journey,"album rock,classic rock,hard rock,heartland rock,mellow gold,rock,soft rock",70,5248037
3Y3xIwWyq5wnNHPp5gPjOW,Kenny Loggins,"album rock,classic rock,heartland rock,mellow gold,new wave pop,singer-songwriter,soft rock,yacht rock",64,1021377
0SD4eZCN4Kr0wQk56hCdh2,Bonnie Tyler,"europop,new wave pop,soft rock",65,1859203
2BTZIqw0ntH9MvilQ3ewNY,Cyndi Lauper,"dance pop,new wave pop,permanent wave,soft rock",67,2468809
0PFtn5NtBbbUNbU9EAmIWF,TOTO,"album rock,classic rock,hard rock,mellow gold,rock,soft rock,yacht rock",70,2757125
3alW3LYQS8K29z8C8NSLIX,Barry Manilow,"adult standards,mellow gold,soft rock,yacht rock",61,1574993
7cKtqv9cYVlOwnuCFH95ce,The The,"new romantic,new wave,post-punk,uk post-punk",49,320421
58lV9VcRSjABbAbfWS6skp,Bon Jovi,"glam metal,rock",75,12796878
4wM29TDTr3HI0qFY3KoSFG,Indigo Girls,"ectofolk,folk,lilith,singer-songwriter,women's music",50,332683
6zFYqv1mOsgBRQbae3JJ9e,Billy Joel,"album rock,classic rock,heartland rock,mellow gold,piano rock,rock,singer-songwriter,soft rock",73,5527254
3daM7asS0gCFvyLemNx2EE,The Romantics,"album rock,classic rock,heartland rock,mellow gold,new romantic,new wave,new wave pop,power pop,soft rock",57,384639
26bcq2nyj5GB7uRr558iQg,Survivor,"album rock,glam metal,hard rock,soft rock",64,1043189
2jzc5TC5TVFLXQlBNiIUzE,a-ha,"new romantic,new wave,new wave pop,permanent wave,synthpop",69,2122124
3Z02hBLubJxuFJfhacLSDc,Bryan Adams,"canadian pop,canadian singer-songwriter,classic canadian rock,heartland rock,mellow gold,soft rock",72,3337338
5lpH0xAS4fVfLkACg9DAuM,Wham!,"new romantic,new wave,new wave pop,soft rock",68,2494833
4QQgXkCYTt3BlENzhyNETg,"Earth, Wind & Fire","disco,funk,jazz funk,soul",70,4077783
1zxDewzd2j1ZdSBGaYcr0y,The Outfield,"album rock,power pop",62,593744
0f3EsoviYnRKTkmayI3cux,Men At Work,"album rock,australian rock,classic rock,hard rock,heartland rock,mellow gold,new romantic,new wave,new wave pop,rock,soft rock",63,1159608
5WWSL6rElJeUk3Uc1S2RyD,Dead Or Alive,"hi-nrg,new romantic,new wave pop,synthpop",55,372606
7Js6Lde8thlIHXggv2SCBz,Europe,"album rock,glam metal,hard rock,rock,swedish hard rock,swedish melodic rock",61,1434949
2QsynagSdAqZj3U9HgDzjD,Bob Marley & The Wailers,"reggae,roots reggae",75,11863502
6IRouO5mvvfcyxtPDKMYFN,Foreigner,"album rock,classic rock,glam metal,hard rock,heartland rock,mellow gold,rock,soft rock",67,2975675
1Fmb52lZ6Jv7FMWXXTPO3K,Joan Jett & the Blackhearts,"glam punk,rock",61,743796
6ZLTlhejhndI4Rh53vYhrY,Ozzy Osbourne,"album rock,alternative metal,birmingham metal,classic rock,glam metal,hard rock,metal,nu metal,rock",69,5081122
4bthk9UfsYUYdcFyqxmSUU,Tears For Fears,"new romantic,new wave,new wave pop,permanent wave,rock,sophisti-pop,synthpop",71,3142797
0NKDgy9j66h3DLnN8qu1bB,Eurythmics,"dance rock,new romantic,new wave,new wave pop,soft rock,sophisti-pop,synthpop",65,1822836
3CQIn7N5CuRDP8wEI7FiDA,Run–D.M.C.,"east coast hip hop,golden age hip hop,hip hop,old school hip hop,queens hip hop,rap",57,1296710
51Blml2LZPmy7TTiAg47vQ,U2,"irish rock,permanent wave,rock",75,11668662
55vs7NT1KxcFjbMC4y202E,REO Speedwagon,"album rock,classic rock,glam metal,hard rock,heartland rock,mellow gold,rock,soft rock",62,2432189
3eqjTLE0HfPfh78zjh6TqT,Bruce Springsteen,"heartland rock,mellow gold,permanent wave,rock,singer-songwriter",72,5927886
0gxyHStUsqpMadRV0Di1Qt,Rick Astley,"new romantic,new wave pop,soft rock,sophisti-pop,synthpop",62,1138145
2TzHIUhVpeeDxyJPpQfnV3,Katrina & The Waves,new wave pop,59,89403
2CvCyf1gEVhI0mX6aFXmVI,Paul Simon,"classic rock,folk,folk rock,mellow gold,permanent wave,rock,singer-songwriter,soft rock",65,2204320
2aS6jYh7ysTL1ZUsHneNgM,Berlin,"new romantic,new wave pop,synthpop",58,511168
32vWCbZh0xZ4o9gkz4PsEU,Dolly Parton,"classic country pop,country,country dawn",69,2273041
6IFXsrXBpwbIqtOUOiAa3p,Rick Springfield,"album rock,australian rock,classic rock,glam metal,hard rock,heartland rock,mellow gold,new romantic,new wave pop,soft rock,yacht rock",57,800124
3bmFPbLMiLxtR9tFrTcKcP,Matthew Wilder,new wave pop,54,42357
4xXCRXOfQKQ2gjWxNhNzYW,Air Supply,soft rock,66,4108275
3EhbVgyfGd7HkpsagwL9GS,Alice Cooper,"album rock,classic rock,detroit rock,glam metal,glam rock,hard rock,metal,protopunk,rock",61,3579576
1dLWg6m8RRhizsdqJbhyj3,Quiet Riot,"album rock,classic rock,glam metal,hard rock,metal,rock",54,1743979
2ekjTXgjxbWwBX5lTAj4DU,Eric Carmen,"new wave pop,soft rock,yacht rock",58,340426
3koiLjNrgRTNbOwViDipeA,Marvin Gaye,"classic soul,motown,neo soul,northern soul,quiet storm,soul",71,5189557
5jNGQ7VOU87x5402JjhTtd,Deniece Williams,"contemporary r&b,disco,funk,motown,post-disco,quiet storm,soul,urban contemporary",49,456121
4Tw2N3wdvJPGEU7JqMxFfE,Eddie Money,"album rock,classic rock,country rock,glam metal,hard rock,mellow gold,soft rock,southern rock",55,858781
2m62cc253Xvd9qYQ8d2X3d,The Alan Parsons Project,"album rock,art rock,classic rock,mellow gold,progressive rock,soft rock,symphonic rock",60,1387340
2kreKea2n96dXjcyAU9j5N,The Pointer Sisters,"disco,girl group,hi-nrg,motown,new wave pop,soft rock",59,1005347
72KyoXzp0NOQij6OcmZUxk,Midnight Oil,australian rock,56,764820
51l0uqRxGaczYr4271pVIC,The Bangles,"album rock,jangle pop,new romantic,new wave,new wave pop,paisley underground,soft rock",60,1345982
19y5MFBH7gohEdGwKM7QsP,Luther Vandross,"quiet storm,soul",60,2862176
6ZNeppgfBLPUyugks9Yn1u,Philip Bailey,yacht rock,54,49077
2tRsMl4eGxwoNabM08Dm4I,Judas Priest,"album rock,alternative metal,birmingham metal,glam metal,hard rock,metal,rock",64,3867198
0JDkhL4rjiPNEp92jAgJnS,Roy Orbison,"adult standards,classic rock,folk rock,mellow gold,rock-and-roll,rockabilly,singer-songwriter",63,1896002
2iM28IgKg89v1o7BTQAVPo,Bruce Hornsby,"album rock,heartland rock,mellow gold,piano rock,singer-songwriter,soft rock",51,383758
6Uhp7WA6sjm5ZL6Xz561de,Living Colour,"funk metal,funk rock,hard rock",48,369357
1LB8qB5BPb3MHQrfkvifXU,Cheap Trick,"album rock,beatlesque,classic rock,glam metal,glam rock,hard rock,heartland rock,mellow gold,power pop,rock,soft rock",58,1416420
5NGO30tJxFlKixkPSgXcFE,The Police,"album rock,classic rock,permanent wave,rock",74,5713895
7Bah8E0kCETqEpAHI6CPzQ,Mr. Mister,"album rock,new romantic,new wave pop,soft rock,synthpop",52,533478
5xQKoGD7Ql92fWd1uWwKkf,Steve Perry,"album rock,heartland rock,mellow gold,new wave pop,soft rock,yacht rock",52,605824
6rqU9HQ57NYGBnBzbrY3a4,Paul Young,"mellow gold,new romantic,new wave,new wave pop,soft rock",55,917341
5IDs1CK15HegSAhGEbSYXo,Billy Ocean,"disco,mellow gold,new romantic,new wave pop,soft rock,yacht rock",59,1106971
1XE70WwxhnrXNAJYQQ9ygx,Bill Medley,soft rock,54,45253
32lVGr0fSRGT6okLKHiP68,Taylor Dayne,"freestyle,hi-nrg,new romantic,new wave pop,soft rock,synthpop",53,442932
05oH07COxkXKIMt6mIPRee,Brandy,"contemporary r&b,dance pop,hip pop,r&b,urban contemporary",62,3455101
296LotOmbj7eOX7r9l46fK,Soul For Real,"boy band,contemporary r&b,new jack swing,r&b",51,674013
7urq0VfqxEYEEiZUkebXT4,112,"atl hip hop,boy band,contemporary r&b,hip pop,r&b,urban contemporary",63,1117398
2S8UlyXW4JjjHcbeg8ddIo,702,"contemporary r&b,girl group,hip pop,r&b",52,786321
2Xu7q46Hf02xOoEIm4E1Qs,Big Pun,"bronx hip hop,east coast hip hop,hardcore hip hop",58,1327043
5NDMothbpdpq2xHqSjrrWn,Faith Evans,"contemporary r&b,hip pop,r&b,urban contemporary",62,1583122
5VfqJBmXcf6ZqXoGij5qTE,Tevin Campbell,"contemporary r&b,new jack swing,r&b,urban contemporary",55,1027251
7peqq4aACFkBwIWGG0YRJ9,Monifah,"contemporary r&b,new jack swing,r&b",37,315335
27TmRLInIAVyWyU14KlALf,Christopher Williams,"contemporary r&b,new jack swing",35,200815
0EVUivUkugMtNF09L4QBMH,Hi-Five,"boy band,contemporary r&b,new jack swing",40,561842
7ypgj95aGInvJMJbMv78wB,Jade,"contemporary r&b,girl group",41,32736
2NmK5FyrQ18HOPXq1UBzqa,SWV,"contemporary r&b,girl group,hip pop,new jack swing,r&b,urban contemporary",57,1863582
7vWlb4pM85jCHvV771qZZW,Tony! Toni! Toné!,"contemporary r&b,new jack swing,r&b,urban contemporary",52,1003487
21gGD9dUby5ls0belA1wqZ,H-Town,"boy band,contemporary r&b,new jack swing,r&b,urban contemporary",47,868785
1eNkUXHPaXyuyC8NAgzykK,Jodeci,"contemporary r&b,new jack swing,r&b,urban contemporary",53,1934866
1255GTUKNCLCTvH9ctD4cT,Dru Hill,"contemporary r&b,r&b,urban contemporary",52,1474076
0iVrCROxeyon7MZUW3MfzT,Montell Jordan,"contemporary r&b,hip pop,new jack swing,r&b,urban contemporary",55,852963
7opRqRgF9lvnVraBFCMvIj,Groove Theory,"contemporary r&b,new jack swing",46,191286
2zFZiWQJFFshzojycnXoTL,Bell Biv DeVoe,"boy band,contemporary r&b,new jack swing,r&b,urban contemporary",51,1042432
5A8aDgiZdup7bmLO0JVy8T,Alana Hil,,14,41
6cjSmkVvMvyE6tCAo1M9Is,Zhané,"contemporary r&b,r&b",49,320881
2MGT7CYlixSPxAnnkhLpaA,Next,"boy band,contemporary r&b,minneapolis sound,new jack swing,r&b,urban contemporary",52,1161271
3nvvdEjnlsAgbINStkVkkr,EyeOnEyez,,21,29071
62sPt3fswraiEPnKQpAbdE,Bobby Brown,"contemporary r&b,new jack swing,r&b,urban contemporary",53,1138360
6lHL3ubAMgSasKjNqKb8HF,Mýa,"contemporary r&b,hip pop,r&b,urban contemporary",59,1379361
6MLDcHrNh4OqxDZAjMt5pt,Ralph Tresvant,"contemporary r&b,new jack swing",46,372743
1urjDGTd4iBze91Z1W1gu7,Total,"contemporary r&b,hip pop,r&b",52,505274
5aEWnrN8h3MhuFUPRfaVuy,Case,"contemporary r&b,r&b",52,884552
2IBPIcSkvQZyoaVfoyZKE8,Guy,"contemporary r&b,new jack swing,r&b",45,717594
266SmBZTt4zRzaKEANWbfQ,Adina Howard,"contemporary r&b,r&b",43,421879
2XPUDzn2nGbKcT3i90dIUE,ZENG,,19,831
6PzulX5BJXNwDxql6gslSA,Sophia Treadway,,18,418
1XkoF8ryArs86LZvFOkbyr,Mary J. Blige,"dance pop,hip pop,neo soul,r&b,urban contemporary",68,3677295
756t7CBmWLNYsshVtS6P44,Tone Stith,"indie r&b,pop r&b,trap soul",48,213225
5z2cHsOmmmWcAPNG1oEhw0,Xscape,"atl hip hop,contemporary r&b,girl group,hip pop,r&b,urban contemporary",49,1549117
1QtIfAa6y7w2JhxYJhYeUG,Color Me Badd,"boy band,contemporary r&b,new jack swing",47,510566
336vr2M3Va0FjyvB55lJEd,D'Angelo,"indie soul,neo soul,soul",57,1191381
2P3cjUru4H3fhSXXNxE9kA,Blackstreet,"boy band,contemporary r&b,new jack swing,r&b",60,753713
0urTpYCsixqZwgNTkPJOJ4,Aaliyah,"contemporary r&b,dance pop,hip pop,r&b,urban contemporary",65,4075141
2r09Inibex3C4ZNTUVSG3m,Keith Sweat,"contemporary r&b,new jack swing,r&b,urban contemporary",55,2005261
4UGMQyNcbGHYg5CDMKkSw3,Az Yet,contemporary r&b,39,278360
0Ttph0pOZiPNTD3y2wUUb6,Shanice,"contemporary r&b,new jack swing,urban contemporary",44,293474
0Br4l2km0ic7BSsNh1E5h4,Trill Ryan,viral rap,34,8338
1YInSKB7mwCXc6JFL8jc9c,Tanya Nolan,,16,27297
5fikk4h5qbEebqK2Fc6e48,En Vogue,"contemporary r&b,girl group,hip pop,new jack swing,r&b,urban contemporary",53,1346391
6O74knDqdv3XaWtkII7Xjp,Boyz II Men,"boy band,contemporary r&b,new jack swing,r&b,urban contemporary",63,2898166
536cPhlYZfof1UGTp19uUr,Ajantha,,14,49
4qwGe91Bz9K2T8jXTZ815W,Janet Jackson,"dance pop,r&b,urban contemporary",62,3768315
5M719s0iFExbYpmLDMudPJ,Sentury,,21,1208
3zTOe1BtyTkwNvYZOxXktX,Joe,"contemporary r&b,r&b,urban contemporary",61,1801664
4ryyCNxkhfBSXHx4k2lo3T,Jesse Powell,"contemporary r&b,r&b",36,257499
6PzsqI9GcFkDwMLIrZWv0h,aytee six,,13,63
6JykORVcL2F0ZgM7OxjVSh,Joe Sonza,,10,113
5KNqYrivNgVCHBssEUSu5B,Donell Jones,"contemporary r&b,r&b,urban contemporary",53,1177018
0le01dl1WllSHhjEXRl4in,Tamia,"canadian pop,contemporary r&b,hip pop,r&b,urban contemporary",58,1621740
3X458ddYA2YcVWuVIGGOYe,Toni Braxton,"contemporary r&b,dance pop,r&b,urban contemporary",60,3939953
5Jfegr2MzGGPfYPLcCAsxv,YNIQ,,13,153
5sDe0X0gLSn43jYACSZBzN,Jun Yoon,,23,1457
0ECwFtbIWEVNwjlrfc6xoL,Eagles,"album rock,classic rock,heartland rock,mellow gold,rock,soft rock,yacht rock",72,10080771
2y8Jo9CKhJvtfeKOsYzRdT,Rod Stewart,"mellow gold,soft rock",69,4423462
7jefIIksOi1EazgRTfW2Pk,Electric Light Orchestra,"album rock,art rock,beatlesque,classic rock,glam rock,mellow gold,rock,soft rock,symphonic rock",68,3914787
1LZEQNv7sE11VDY3SdxQeN,Bee Gees,"disco,mellow gold,soft rock",74,7310661
6bswxXQ3qgvkMQCRu0DKuz,Retrofile,edmonton indie,53,13156
7tjbDPvrdvDshcpEMXKRVb,Gerry Rafferty,"art rock,classic rock,folk rock,mellow gold,soft rock",57,323519
15jHZ1EZwmm2QDjKctvqJQ,Suzi Quatro,glam rock,53,410347
7crPfGd2k81ekOoSqQKWWz,Stevie Nicks,heartland rock,62,1401560
0oSGxfWSnnOXhD2fKuz2Gy,David Bowie,"art rock,classic rock,glam rock,permanent wave,rock",74,9940234
2x9SpqnPi8rlE9pjHBwmSC,Talking Heads,"alternative rock,art punk,dance rock,funk rock,new wave,permanent wave,post-punk,rock,zolo",67,2278162
6jdObwsrIjSRnBbMw6lPBj,Seals and Crofts,"album rock,classic rock,folk rock,mellow gold,singer-songwriter,soft rock,yacht rock",53,704117
6P7H3ai06vU1sGvdpBwDmE,Steely Dan,"album rock,classic rock,country rock,folk rock,mellow gold,rock,soft rock,yacht rock",64,2109736
6i6WlGzQtXtz7GcC5H5st5,10cc,"album rock,art rock,classic rock,glam rock,mellow gold,new romantic,soft rock,yacht rock",57,677764
3Dzj993UEz8Z5ovxuirzFO,Lindsey Buckingham,heartland rock,44,138964
6v8FB84lnmJs434UJf2Mrm,Neil Young,"canadian singer-songwriter,classic canadian rock,classic rock,folk rock,mellow gold,permanent wave,rock,roots rock,singer-songwriter",57,2819028
7FIoB5PHdrMZVC3q2HE5MS,George Harrison,"album rock,beatlesque,classic rock,folk rock,mellow gold,rock,singer-songwriter,soft rock",63,2547259
0WwSkZ7LtFUFjGjMZBMt6T,Dire Straits,"album rock,classic rock,mellow gold,rock",73,7074237
4salDzkGmfycRqNUbyBphh,Styx,"album rock,classic rock,glam metal,hard rock,mellow gold,progressive rock,rock,soft rock",58,1868332
0DW7boyjvbaSP3OJ72sXgC,Al Stewart,"art rock,folk rock,mellow gold,progressive rock,singer-songwriter,soft rock,symphonic rock",50,266800
0fgtHVpOPfXb07S8Jx443z,Player,"soft rock,yacht rock",52,139345
1R6Hx1tJ2VOUyodEpC12xM,Jim Croce,"classic rock,country rock,folk,folk rock,heartland rock,mellow gold,singer-songwriter,soft rock",63,1324431
0k17h0D3J5VfsdmQ1iZtE9,Pink Floyd,"album rock,art rock,classic rock,progressive rock,psychedelic rock,rock,symphonic rock",76,19757189
3JsMj0DEzyWc0VDlHuy9Bx,Supertramp,"album rock,art rock,classic rock,glam rock,mellow gold,piano rock,progressive rock,rock,soft rock,symphonic rock",68,3261463
7dnB1wSxbYa8CejeVg98hz,Meat Loaf,album rock,59,1086487
7bPU7cvfoD20ixGD9Qnqki,Stealers Wheel,folk rock,59,148739
70cRZdQywnSFp9pnc2WTCE,Simon & Garfunkel,"classic rock,folk,folk rock,melancholia,mellow gold,rock,soft rock",69,4888499
7C4sUpWGlTy7IANjruj02I,Peter Gabriel,"album rock,art rock,classic rock,mellow gold,new romantic,new wave,permanent wave,progressive rock,rock,singer-songwriter,soft rock",62,1615406
4eeRviM714mXXeILmKHxh2,Climax Blues Band,"british blues,country rock,soft rock",40,88595
20je656lhatFVl4EoaNupn,Sophie May,,43,43066
1Ppt4rprTNi78ZG7AExA1f,spin,,16,995
35k2toFgs8gru6GMPChzo6,Julian Taylor,canadian singer-songwriter,30,5638
4MVyzYMgTwdP7Z49wAZHx0,Lynyrd Skynyrd,"album rock,classic rock,hard rock,rock,southern rock",69,4900146
2mbvqMGpwLsakeH45p1Jrb,Mungo Jerry,"british blues,classic uk pop",49,82908
6mcrZQmgzFGRWf7C0SObou,Frankie Valli & The Four Seasons,"adult standards,bubblegum pop,doo-wop,lounge,northern soul,rock-and-roll,rockabilly",60,605795
7pwk3M6iETEiAFLwqkgLrk,ØZWALD,modern indie folk,24,4004
4STHEaNw4mPZ2tzheohgXB,Paul McCartney,"beatlesque,classic rock,mellow gold,rock",69,4573012
1sXbwvCQLGZnaH0Jp2HTVc,Linda Ronstadt,"country rock,folk,folk rock,heartland rock,mellow gold,singer-songwriter,soft rock",59,877968
3IYUhFvPQItj6xySrBmZkd,Creedence Clearwater Revival,"classic rock,country rock,rock,southern rock,swamp rock",76,6174195
22bE4uQ6baNwSHPVcDxLCe,The Rolling Stones,"album rock,british invasion,classic rock,rock",78,13455698
44NX2ffIYHr6D4n7RaZF7A,Van Morrison,"classic rock,folk,folk rock,heartland rock,mellow gold,rock,singer-songwriter,soft rock",69,3004516
3RwQ26hR2tJtA8F9p2n7jG,The Temptations,"memphis soul,motown,soul",64,2829731
1bs7HoMkSyQwcobCpE9KpN,The Mamas & The Papas,"classic rock,folk,folk rock,mellow gold,psychedelic rock,rock,soft rock,sunshine pop",65,1649172
43ZHCT0cAZBISjO8DG9PnE,Elvis Presley,"rock-and-roll,rockabilly",75,8852575
3eskO5m0H4yiF64vRySBjr,Buffalo Springfield,"album rock,blues rock,classic rock,country rock,folk,folk rock,heartland rock,mellow gold,psychedelic rock,rock,roots rock,soft rock,southern rock",60,773170
7mEIug7XUlQHikrFxjTWes,Neil Diamond,"adult standards,brill building pop,folk rock,heartland rock,mellow gold,singer-songwriter,soft rock,yacht rock",64,2568518
19eLuQmk9aCobbVDHc6eek,Louis Armstrong,"adult standards,dixieland,harlem renaissance,jazz trumpet,new orleans jazz,soul,swing,vocal jazz",68,2761322
0iOVhN3tnSvgDbcg25JoJb,Etta James,"jazz blues,soul,soul blues,torch song,vocal jazz",65,1556986
7nwUJBm0HE4ZxD3f5cy5ok,Aretha Franklin,"classic soul,jazz blues,memphis soul,neo soul,soul,southern soul,vocal jazz",67,3240520
2VIoWte1HPDbZ2WqHd2La7,The Turtles,"bubblegum pop,classic rock,folk rock,merseybeat,psychedelic rock,rock-and-roll",56,579019
7fIvjotigTGWqjIz6EP1i4,Four Tops,"classic soul,disco,motown,quiet storm,soul",60,1084518
3CDKmzJu6uwEGnPLLZffpD,Frankie Valli,"adult standards,bubblegum pop,lounge,rock-and-roll",60,265602
36QJpDe2go2KgaRleHCDTp,Led Zeppelin,"album rock,classic rock,hard rock,rock",73,13854731
57bUPid8xztkieZfS7OlEV,The Supremes,"classic girl group,disco,motown,soul",61,1638909
1Mxqyy3pSjf8kZZL4QVxS0,Frank Sinatra,"adult standards,easy listening,lounge",75,6656394
320EPCSEezHt1rtbfwH6Ck,The Monkees,"album rock,beatlesque,bubblegum pop,classic rock,folk rock,mellow gold,rock-and-roll,singer-songwriter,soft rock,sunshine pop",59,1134919
7guDJrEfX3qb6FEbdPA5qi,Stevie Wonder,"motown,soul",72,6304709
1T0wRBO0CK0vK8ouUMqEl5,Tom Jones,"adult standards,british invasion",61,898402
7v4imS0moSyGdXyLgVTIV7,Nat King Cole,"adult standards,lounge,soul,swing,vocal jazz",68,2126779
22WZ7M8sxp5THdruNY3gXt,The Doors,"acid rock,album rock,classic rock,hard rock,psychedelic rock,rock",70,7504894
293zczrfYafIItmnmM3coR,Chuck Berry,"blues,blues rock,classic rock,rock,rock-and-roll,rockabilly,soul",63,1887849
1SQRv42e4PjEYfPhS0Tk9E,The Kinks,"album rock,art rock,british invasion,classic rock,folk rock,glam rock,protopunk,psychedelic rock,rock,singer-songwriter",63,2489338
776Uo845nYHJpNaStv1Ds4,Jimi Hendrix,"acid rock,album rock,alternative rock,classic rock,hard rock,proto-metal,psychedelic rock,rock",67,6425131
7CyeXFnOrfC1N6z4naIpgo,The Ronettes,"brill building pop,classic girl group,motown,rock-and-roll",60,261279
2jgPkn6LuUazBoBk6vvjh5,The Zombies,"baroque pop,british invasion,classic rock,folk rock,psychedelic rock",57,927382
3oDbviiivRWhXwIE8hxkVV,The Beach Boys,"baroque pop,classic rock,folk rock,mellow gold,psychedelic rock,rock,sunshine pop",68,4308475
3ICflSq6ZgYAIrm2CTkfVP,The Animals,"album rock,british invasion,classic rock,hard rock,protopunk,psychedelic rock,rock",62,2304339
2BVYdY4PyfCF9z4NrkhEB2,Sam & Dave,"classic soul,memphis soul,soul,southern soul",55,320003
4vpDg7Y7fU982Ds30zawDA,The Band,"blues rock,classic canadian rock,classic rock,cosmic american,country rock,folk,folk rock,heartland rock,jam band,mellow gold,rock,roots rock,southern rock,swamp rock",58,1062797
32r72WOqqRO1DtSznId7Lr,James Brown & The Famous Flames,soul,53,164196
2qFr8w5sWUITRlzZ9kZotF,Jefferson Airplane,"acid rock,album rock,blues rock,classic rock,folk rock,hard rock,mellow gold,psychedelic rock,rock,singer-songwriter",57,1514735
33QmoCkSqADuQEtMCysYLh,The Archies,"bubblegum pop,classic canadian rock,rock-and-roll",54,132608
3KGQvnOoqUHi3KxKQMZtXr,The Box Tops,"bubblegum pop,classic garage rock,folk rock,merseybeat,psychedelic rock,rock-and-roll",50,156911
6kACVPfCOnqzgfEF5ryl0x,Johnny Cash,"arkansas country,outlaw country,rock",70,6074427
74oJ4qxwOZvX6oSsu1DGnw,Cream,"album rock,blues rock,british blues,classic rock,folk rock,hard rock,psychedelic rock,rock,singer-songwriter,supergroup",61,2254266
1eYhYunlNJlDoQhtYBvPsi,Ray Charles,"classic soul,jazz blues,piano blues,soul,soul blues,vocal jazz",65,2123705
1WRM9i067hd2ujxxi8FI3m,Steppenwolf,"acid rock,album rock,blues rock,classic canadian rock,classic rock,hard rock,proto-metal,rock,singer-songwriter,soft rock",59,1522094
74ASZWbe4lXaubB36ztrGX,Bob Dylan,"classic rock,country rock,folk,folk rock,psychedelic rock,rock,roots rock,singer-songwriter",68,6291947
7CCn4PFRRRZF127jtCBAUe,The Lovin' Spoonful,"bubblegum pop,classic rock,country rock,folk,folk rock,mellow gold,psychedelic rock,rock-and-roll,soft rock",55,488213
7G1GBhoKtEPnP86X2PvEYO,Nina Simone,"jazz blues,neo soul,soul,soul jazz,torch song,vocal jazz",66,2707503
67ea9eGLXYMsO2eYQRui3w,The Who,"album rock,british invasion,classic rock,hard rock,rock",65,5215637
4J69yWrKwWJgjv3DKTZcGo,Big Brother & The Holding Company,"blues,blues rock,folk rock,psychedelic rock",52,265974
7ceUfdWq2t5nbatS6ollHh,Paul Anka,"adult standards,canadian pop,easy listening,rock-and-roll",58,655013
1FqqOl9itIUpXr4jZPIVoT,The Drifters,"adult standards,doo-wop,rock-and-roll,rockabilly,soul",56,497770
2uNpV18izVIP7DNusoWbT5,Bobby Hebb,northern soul,48,33668
7qQJQ3YtcGlqaLg5tcypN2,Chubby Checker,"rock-and-roll,rockabilly",52,331503
08b2PA6eFyugsWAk41eQKZ,Lesley Gore,"brill building pop,bubblegum pop,classic girl group",53,248477
60df5JBRRPcnSpsIMxxwQm,Otis Redding,"classic soul,memphis soul,soul,soul blues,southern soul,vocal jazz",67,2158656
15FyiY3ChN0QRspHIQYq0W,Dion,"doo-wop,rock-and-roll,rockabilly",54,193874
6hnWRPzGGKiapVX1UCdEAC,Sam Cooke,"classic soul,soul,vocal jazz",65,1547407
0N5PyKJzS3M1XNlaCL7bbE,Wilson Pickett,"classic soul,memphis soul,soul,southern soul",54,609582
2pdvghEHZJtgSXZ7cvNLou,"Crosby, Stills & Nash","album rock,classic rock,country rock,folk,folk rock,heartland rock,mellow gold,rock,soft rock",56,1854727
0FMucZsEnCxs5pqBjHjIc8,Stan Getz,"bebop,bossa nova,cool jazz,jazz,jazz saxophone,latin jazz,samba-jazz,vocal jazz",62,405978
6Tw1ktF4xMmzaLLbe98I2z,Harry Belafonte,calypso,56,209792
0EodhzA6yW1bIdD5B4tcmJ,Bobby Darin,"adult standards,easy listening,lounge,rock-and-roll,vocal jazz",58,530616
5Y9xEAGW4GwGJgbiI6W85P,Ritchie Valens,"rock-and-roll,rockabilly",55,543230
2zyz0VJqrDXeFDIyrfVXSo,Jerry Lee Lewis,"piano rock,rock-and-roll,rockabilly",54,856244
3wYyutjgII8LJVVOLrGI0D,Buddy Holly,"classic rock,folk rock,mellow gold,rock-and-roll,rockabilly,singer-songwriter",55,1258857
3rxeQlsv0Sc2nyYaZ5W71T,Chet Baker,"cool jazz,jazz,jazz trumpet,vocal jazz",62,1028150
49e4v89VmlDcFCMyDv9wQ9,Dean Martin,"adult standards,easy listening,lounge,vocal jazz",67,1561002
1YzCsTRb22dQkh9lghPIrp,Billie Holiday,"adult standards,harlem renaissance,jazz,jazz blues,soul,swing,torch song,vocal jazz",62,1808050
5V0MlUE1Bft0mbLlND7FJz,Ella Fitzgerald,"adult standards,jazz,jazz blues,soul,swing,vocal jazz",66,2367853
4xls23Ye9WR9yy3yYMpAMm,Little Richard,"blues,rock-and-roll,rockabilly,soul",54,892292
6iygtKnPG7TRvDaTYcLOd6,The Flamingos,doo-wop,46,71580
32LHRiof0sa4taYew9i3Fa,Dinah Washington,"jazz blues,soul,vocal jazz",55,460096
6KWcxMWVNVIYbdOQyJtsSy,The Platters,"adult standards,easy listening,rock-and-roll,rockabilly",56,726043
3MFp4cYuYtTZe3d3xkLLbr,Bill Haley & His Comets,"rock-and-roll,rockabilly",49,303457
1p0t3JtUTayV2wb1RGN9mO,Eddie Cochran,"rock-and-roll,rockabilly",49,322312
602DnpaSXJB4b9DZrvxbDc,Peggy Lee,"adult standards,torch song,vocal jazz",55,422799
4y6J8jwRAwO4dssiSmN91R,Muddy Waters,"blues,blues rock,chicago blues,classic rock,electric blues,soul,traditional blues",52,1256554
2iSZ41LUUYVcz5At9Xuz7T,The Chords,,49,7116
2loYllWFfoWpoxC5YrJKc4,Dion & The Belmonts,"brill building pop,doo-wop,rock-and-roll,rockabilly",45,204600
5N6GwJzOcOY5kv8p0NjhYL,Neil Sedaka,"adult standards,brill building pop,bubblegum pop,easy listening,rockabilly,soft rock",53,498291
3MKwHkhEjcvzva2rasZeWD,Barrett Strong,"motown,rhythm and blues,southern soul",42,27516
4cPHsZM98sKzmV26wlwD2W,Brenda Lee,"adult standards,easy listening,lounge,rockabilly",61,334707
09C0xjtosNAIXP36wTnWxd,Fats Domino,"louisiana blues,motown,new orleans blues,piano blues,rock-and-roll,rockabilly",51,518553
5v8jlSmAQfrkTjAlpUfWtu,Perry Como,"adult standards,easy listening",58,493995
0ckkj0a9CvIJr4h84B0OlN,The Clovers,"doo-wop,rhythm and blues,rock-and-roll",41,45425
53QzNeFpzAaXYnrDBbDrIp,The Isley Brothers,"classic soul,funk,motown,quiet storm,soul",59,1776776
4SLfKHcufUqU46DiTAHIsj,Bobby Day,"doo-wop,rock-and-roll",40,24196
4ACplpEqD6JIVgKrafauzs,The Everly Brothers,"adult standards,folk rock,mellow gold,rock-and-roll,rockabilly,sunshine pop",56,887641
6lOk7hCr8x3O9vHwylXyHR,The Penguins,"doo-wop,rock-and-roll",42,62380
3ESG6pj6a0LvUKklENalT6,Doris Day,"adult standards,easy listening,lounge,vocal jazz",53,431019
7u6FSuqT3SWE2kO8rNVjfp,Tennessee Ernie Ford,"bluegrass gospel,country boogie,country gospel,western swing,yodeling",46,68931
4VnomLtKTm9Ahe1tZfmZju,Jackie Wilson,"chicago soul,classic soul,quiet storm,rock-and-roll,soul",55,436361
52lBOxCxbJg0ttXEW9CQpW,Louis Prima,"adult standards,jump blues,lounge,swing",54,189801
6Ahm6X9wSKXitavOvu0XzY,Danny & The Juniors,"doo-wop,rhythm and blues,rock-and-roll,rockabilly",38,44910
3EY5DxGdy7x4GelivOjS2Q,Connie Francis,"adult standards,brill building pop,easy listening,rock-and-roll,rockabilly",51,416926
3QZKZBEmr54lAVI5XvmjnM,The Coasters,"doo-wop,rhythm and blues,rock-and-roll,rockabilly",46,210292
2YP02JRa1JLejrg3XTssJS,The Five Satins,"doo-wop,rock-and-roll",39,66844
2bmixwMZXlkl2sbIbOfviq,Bo Diddley,"acoustic blues,blues,chicago blues,electric blues,rock-and-roll,rockabilly,traditional blues",43,307067
5hIClg6noTaCzMu2s5wp4f,Carl Perkins,"rock-and-roll,rockabilly",43,171514
2PnyEnxPA8H95IhFEBu5u7,Mickey Baker,,35,2980
21LGsW7bziR4Ledx7WZ1Wf,Johnny Mathis,"adult standards,easy listening",54,394285
2KMQz6s6MNRr4bxI8EQdRk,Frankie Lymon,doo-wop,39,30210
6bOYtKnpLPQSfMpS2ilotK,Bobby Vinton,"adult standards,bubblegum pop,doo-wop,easy listening,rock-and-roll,rockabilly",48,259640
2gNK2HAaLVz5DZoD2moDQj,The Big Bopper,"doo-wop,rock-and-roll,rockabilly",37,131640
6V6WCgi7waF55bJmylC4H5,Gloria Gaynor,"disco,soft rock",61,975378
7Ey4PD4MYsKc5I2dolUwbH,Aerosmith,"album rock,classic rock,hard rock,rock",73,13904602
08F3Y3SctIlsOEmKd6dnH8,Yusuf / Cat Stevens,"british folk,classic rock,folk,folk rock,mellow gold,singer-songwriter",67,1819884
3iDD7bnsjL9J4fO298r0L0,Chicago,"album rock,classic rock,mellow gold,rock,soft rock,yacht rock",66,3856843
39T6qqI0jDtSWWioX8eGJz,The Doobie Brothers,"album rock,classic rock,country rock,folk rock,heartland rock,mellow gold,rock,singer-songwriter,soft rock,yacht rock",64,2389447
2ixSzFmACsZSsx40fXTNYk,Dimension Latina,"classic venezuelan pop,salsa,salsa venezolana",55,53130
07XSN3sPlIlB2L2XNcTwJw,KISS,"glam rock,hard rock,rock",69,9023519
00tVTdpEhQQw1bqdu8RCx2,Blue Öyster Cult,"album rock,classic rock,glam metal,hard rock,progressive rock,rock",61,1485938
7bu3H8JO7d0UbMoVzbo70s,The Cure,"new wave,permanent wave,rock,uk post-punk",73,4900385
6waa8mKu91GjzD4NlONlNJ,The Hollies,"album rock,british invasion,classic rock,folk rock,mellow gold,merseybeat,soft rock",61,1140141
6DCIj8jNaNpBz8e5oKFPtp,The Cars,"album rock,classic rock,hard rock,mellow gold,new romantic,new wave,new wave pop,permanent wave,power pop,rock,singer-songwriter,soft rock,synthpop",63,1709956
35U9lQaRWSQISxQAB94Meo,America,"album rock,classic rock,folk rock,heartland rock,mellow gold,soft rock",65,1678773
5tTsrGPwQRWUsHR2Xf7Ke9,Natalie Cole,"adult standards,disco,quiet storm,soul,vocal jazz",60,580364
5jJN1nmKXzRjodMl1THQeI,Looking Glass,sunshine pop,54,82045
568ZhdwyaiCyOGJRtNYhWf,Deep Purple,"album rock,classic rock,hard rock,metal,rock",63,5251011
0TF2NxkJZPQoX1H53rEFM1,Gladys Knight & The Pips,"classic soul,disco,funk,motown,quiet storm,soul",54,1238461
319yZVtYM9MBGqmSQnMyY6,Carole King,"brill building pop,classic rock,folk,folk rock,mellow gold,singer-songwriter,soft rock",59,1460619
4V4Z3qMCwYofWHtip6ePF6,Bobby Caldwell,yacht rock,56,256501
4hKkEHkaqCsyxNxXEsszVH,John Travolta,hollywood,61,116202
2yrbLiuBmc9j81lTX3XUuI,The Jacksons,"disco,motown",55,1750221
1zgNpeHQe8GulzfVkYP2VK,The Trammps,"disco,philly soul",48,255180
6gkWznnJkdkwRPVcmnrays,Sister Sledge,"disco,funk,philly soul,quiet storm,soul",55,616672
2wMcQIxzH2LYHJZNxo9FcN,John Paul Young,"australian dance,classic uk pop",47,30505
3rfgbfpPSfXY40lzRK7Syt,Barry White,"disco,quiet storm,soul",62,1789569
64CuUOOirKmdAYLQSfaOyr,The Emotions,"chicago soul,classic soul,disco,funk,girl group,motown,post-disco,quiet storm,soul,southern soul",59,568794
3mQBpAOMWYqAZyxtyeo4Lo,KC & The Sunshine Band,"disco,mellow gold,new wave pop,soft rock,soul",62,947505
2iE18Oxc8YSumAU232n4rW,The Jackson 5,"motown,soul",64,1431585
2eogQKWWoohI3BSnoG7E2U,Donna Summer,"disco,hi-nrg,new wave pop,soft rock",60,1853037
0Xf8oDAJYd2D0k3NLI19OV,CHIC,"disco,funk,motown,soul",57,689544
4apX9tIeHb85yPyy4F6FJG,Wild Cherry,"disco,funk rock",51,159868
0dCKce6tJJdHvlWnDMwzPW,Village People,"disco,new wave pop,soft rock",57,598470
5FHwr1FymaS5kutIEK6e2y,King Harvest,soft rock,55,52942
6biWAmrHyiMkX49LkycGqQ,Thin Lizzy,"album rock,blues rock,classic rock,glam metal,hard rock,irish rock,metal,rock",58,1209850
7EK1bQADBoqbYXnT4Cqv9w,John Denver,"classic country pop,folk,folk rock,mellow gold,singer-songwriter,soft rock",65,2008519
1NRzxuPpdGushT8YmF5NAa,Edison Lighthouse,,53,45931
54R6Y0I7jGUCveDTtI21nb,Boney M.,europop,67,1820914
72VzFto8DYvKHocaHYNWSi,Hot Chocolate,disco,54,261194
1CcEgi464SWZsKY5579u7z,Patrick Hernandez,"disco,hi-nrg",52,48391
2e53aHBQdCMKWqHDuyJsjC,Free,"album rock,blues rock,british blues,classic rock,hard rock",53,500887
6QtGlUje9TIkLrgPZrESuk,Steve Miller Band,"album rock,classic rock,hard rock,heartland rock,mellow gold,rock,singer-songwriter,soft rock",65,2897766
38h03gA85YYPeDPd9ER9rT,The O'Jays,"classic soul,disco,funk,philly soul,quiet storm,soul,southern soul",55,1207006
3S34Unhn5yRcaH5K9aU5Et,Candi Staton,southern soul,53,89405
3ICyfoySNDZqtBVmaBT84I,War,"classic soul,funk,motown,p funk,soul",54,426210
0qEcf3SFlpRcb3lK3f2GZI,Grand Funk Railroad,"album rock,blues rock,classic rock,country rock,hard rock,heartland rock,mellow gold,rock,singer-songwriter,soft rock",53,986971
5fbhwqYYh4YwUoEs582mq5,The Spinners,"classic soul,disco,funk,motown,philly soul,quiet storm,soul,southern soul",57,888426
5iB5AWIa7qreioi0AF3Bxa,The Bellamy Brothers,"classic country pop,country,country rock",53,365460
5m8H6zSadhu1j9Yi04VLqD,Sly & The Family Stone,"classic soul,funk,funk rock,p funk,psychedelic soul,soul,southern soul",56,995758
2Pawr6MMX9VBIQ9oUHg7jc,Chris Norman,classic uk pop,52,170084
6UfoTQXaV3DuqtDVjZIxwZ,Cheryl Lynn,"classic soul,disco,funk,minneapolis sound,post-disco,quiet storm,soul,urban contemporary",50,249842
2AV6XDIs32ofIJhkkDevjm,Curtis Mayfield,"chicago soul,classic soul,funk,soul",56,1065053
1gRNBaI4yn6wCCTvRhGWh8,Don McLean,"classic rock,folk,folk rock,heartland rock,mellow gold,singer-songwriter,soft rock",60,927302
5lkiCO9UQ8B23dZ1o0UV4m,Jackson Browne,"album rock,classic rock,country rock,folk,folk rock,heartland rock,mellow gold,piano rock,singer-songwriter,soft rock",58,1294796
6PpGPIrFf3LM7Q77eR4Bts,Hues Corporation,disco,46,56121
057gc1fxmJ2vkctjQJ7Tal,The Buggles,"early synthpop,new wave pop,zolo",54,105141
4tpUmLEVLCGFr93o8hFFIB,Blondie,"candy pop,new wave pop,permanent wave,power pop,rock,synthpop",67,1350935
1eEfMU2AhEo7XnKgL7c304,Carpenters,"adult standards,mellow gold,soft rock",65,3003076
3VNITwohbvU5Wuy5PC6dsI,Kool & The Gang,"disco,funk,motown,soft rock,soul",64,2388472
1B8AXU6gIIafpyLEpbcv1u,Edwin Starr,"classic soul,motown,northern soul,soul,southern soul",46,156886
502FY8XQYRxClWgolQ3Hf2,Lynn Anderson,"classic country pop,nashville sound",44,132310
3dBVyJ7JuOMt4GE9607Qin,T. Rex,"classic rock,glam rock,protopunk,rock",58,1000986
7Kkx4dACo6kFSeT9wjfVA5,Raspberries,"beatlesque,jangle pop,power pop",43,78382
3dS8rLINyM7EYuMXryXJym,Steve Harley,"classic uk pop,glam rock",42,30343
61zv3hX7l838ZyhaDyAx8S,Gary Glitter,,44,42938
3R6f1aBWwde7ZqGv7hf4dY,Eruption,,43,64251
5TGTpu4g8siFOIctZuQO7y,Sylvester,"disco,hi-nrg",46,178486
4FAEZeJcsYYBkNq2D3KGTV,Three Dog Night,"album rock,classic rock,country rock,folk rock,hard rock,heartland rock,mellow gold,rock,soft rock",54,938984
7jmTilWYlKOuavFfmQAcu6,Barbra Streisand,"adult standards,operatic pop,soft rock",61,1412378
4x1nvY2FN8jxqAFA0DA02H,John Lennon,"beatlesque,classic rock,rock",67,5709043
6twIAGnYuIT1pncMAsXnEm,Commodores,"adult standards,disco,funk,mellow gold,motown,quiet storm,soft rock,soul",62,1790438
6PAt558ZEZl0DmdXlnjMgD,Eric Clapton,"album rock,blues rock,classic rock,electric blues,mellow gold,rock,singer-songwriter,soft rock",68,5584939
0W498bDDNlJIrYMKXdpLHA,Roberta Flack,"adult standards,classic soul,disco,quiet storm,soft rock,soul,vocal jazz",59,932343
4BoRxUdrcgbbq1rxJvvhg9,Olivia Newton-John,"adult standards,australian dance,disco,mellow gold,soft rock",64,1454234
70ZTdbPEcEugBNay4MvxfL,Bread,"folk rock,mellow gold,singer-songwriter,soft rock",62,1581087
3pFCERyEiP5xeN2EsPXhjI,Joe Cocker,"album rock,blues rock,classic rock,folk rock,heartland rock,mellow gold,rock,singer-songwriter,soft rock",62,2209022
3RTzAwFprBqiskp550eSJX,Harry Nilsson,"classic rock,folk,folk rock,singer-songwriter",56,463837
187xgSpsFH8mMbAcoCW0zE,Billy Paul,"classic soul,disco,motown,philly soul,quiet storm,soul",50,277148
0vn7UBvSQECKJm2817Yf1P,James Taylor,"classic rock,folk,folk rock,heartland rock,mellow gold,singer-songwriter,soft rock",64,2476791
23rleGXVOVVgTk3xgtmfE4,Gordon Lightfoot,"canadian country,canadian singer-songwriter,classic rock,country rock,folk,folk rock,heartland rock,mellow gold,singer-songwriter,soft rock",58,829597
7d7q5Y1p2QWS4QRAhTQR5E,Anne Murray,"adult standards,canadian country,canadian pop,classic country pop,mellow gold,soft rock",55,708792
6OheJTrDFGiyZ67F1BBLhc,Crystal Gayle,"classic country pop,country,country rock,mellow gold,soft rock",49,355377
6IRQiyNmNGjGlrmEl0iArm,Randy VanWarmer,,42,23050